key	ko	en	zh-Hans	ja	vi
# 공통
common.ok	확인	OK	确定	OK	OK
common.cancel	취소	Cancel	取消	キャンセル	Hủy
common.yes	예	Yes	是	はい	Có
common.no	아니요	No	否	いいえ	Không
common.close	닫기	Close	关闭	閉じる	Đóng
common.save	저장	Save	保存	保存	Lưu
common.help	도움말	Help	帮助	ヘルプ	Trợ giúp
common.back	뒤로	Back	返回	戻る	Quay lại
common.exit	종료	Exit	退出	終了	Thoát
common.lock	잠금	Lock	锁定	ロック	Khóa
common.minimize	최소화	Minimize	最小化	最小化	Thu nhỏ
common.default	기본값	Default	默认	既定	Mặc định
common.test	테스트	Test	测试	テスト	Thử
common.delete	삭제	Delete	删除	削除	Xóa
common.change	바꾸기	Change	更改	変更	Đổi
common.input	입력	Type	输入	入力	Nhập
common.none	(없음)	(none)	（无）	（なし）	(không có)
common.unknown	(확인 불가)	(unknown)	（无法确定）	（確認できません）	(không xác định)
common.lockedSuffix	[잠김]	[Locked]	[已锁定]	[ロック中]	[Đã khóa]
common.followWindows	시스템 설정	System	系统设置	システム設定	Theo hệ thống
# 테마·입력 방식
theme.light	밝게	Light	浅色	ライト	Sáng
theme.dark	어둡게	Dark	深色	ダーク	Tối
method.auto	자동 (권장)	Auto (recommended)	自动（推荐）	自動（推奨）	Tự động (khuyên dùng)
method.scan	스캔코드	Scan code	扫描码	スキャンコード	Mã quét phím
method.unicode	유니코드	Unicode	Unicode	Unicode	Unicode
method.wmchar	창 메시지 (WM_CHAR)	Window message (WM_CHAR)	窗口消息 (WM_CHAR)	ウィンドウ メッセージ (WM_CHAR)	Thông điệp cửa sổ (WM_CHAR)
method.clipboard	클립보드 붙여넣기	Clipboard paste	剪贴板粘贴	クリップボード貼り付け	Dán qua bộ nhớ tạm
# 시작·파일
load.failed	저장된 설정 파일을 읽지 못했습니다.\n{path}\n{reason}\n다른 프로그램이 파일을 잡고 있었거나 파일이 손상되었을 수 있습니다.\n지금 종료하고 잠시 뒤 다시 실행해 보세요.\n그대로 진행해 새 마스터 비밀번호를 만들면 예전 파일은 같은 폴더에 .bak 사본으로 남깁니다.	Could not read the saved settings file.\n{path}\n{reason}\nAnother program may have been holding the file, or the file may be damaged.\nExit now and try again in a moment.\nIf you continue and create a new master password, the old file is kept as a .bak copy in the same folder.	无法读取已保存的设置文件。\n{path}\n{reason}\n可能有其他程序正在占用该文件，或文件已损坏。\n请现在退出，稍后再运行。\n如果继续并创建新的主密码，旧文件会以 .bak 副本保留在同一文件夹中。	保存された設定ファイルを読み込めませんでした。\n{path}\n{reason}\nほかのプログラムがファイルを使用していたか、ファイルが壊れている可能性があります。\nいったん終了し、しばらくしてから再度起動してください。\nこのまま新しいマスター パスワードを作成すると、古いファイルは同じフォルダーに .bak のコピーとして残ります。	Không đọc được tệp cài đặt đã lưu.\n{path}\n{reason}\nCó thể một chương trình khác đang giữ tệp hoặc tệp đã bị hỏng.\nHãy thoát ngay và chạy lại sau ít phút.\nNếu tiếp tục và tạo mật khẩu chính mới, tệp cũ sẽ được giữ lại dưới dạng bản sao .bak trong cùng thư mục.
corrupt.badLine	형식에 맞지 않는 줄이 있습니다.	A line does not match the format.	有一行不符合格式。	形式に合わない行があります。	Có một dòng không đúng định dạng.
corrupt.dupKey	같은 항목({key})이 두 번 있습니다.	The same entry ({key}) appears twice.	同一项目（{key}）出现了两次。	同じ項目（{key}）が 2 回あります。	Mục ({key}) xuất hiện hai lần.
corrupt.slotFormat	슬롯 번호 표기({key})가 올바르지 않습니다.	The slot number ({key}) is not written correctly.	槽位编号（{key}）的写法不正确。	スロット番号の表記（{key}）が正しくありません。	Số thứ tự ô ({key}) không đúng định dạng.
corrupt.slotRange	슬롯 번호({key})가 범위를 벗어났습니다.	The slot number ({key}) is out of range.	槽位编号（{key}）超出范围。	スロット番号（{key}）が範囲外です。	Số thứ tự ô ({key}) nằm ngoài phạm vi.
corrupt.secretvNaN	암호 형식 표시(secretv)가 숫자가 아닙니다.	The encryption format marker (secretv) is not a number.	加密格式标记（secretv）不是数字。	暗号形式の表示（secretv）が数値ではありません。	Dấu định dạng mã hóa (secretv) không phải là số.
corrupt.noVersion	형식 표시(v=)가 없습니다.	The format marker (v=) is missing.	缺少格式标记（v=）。	形式の表示（v=）がありません。	Thiếu dấu định dạng (v=).
corrupt.secret	암호 블록(secret)이 없거나 깨져 있습니다.	The encrypted block (secret) is missing or damaged.	加密块（secret）缺失或已损坏。	暗号ブロック（secret）がないか壊れています。	Khối mã hóa (secret) bị thiếu hoặc hỏng.
corrupt.badValue	값({key})이 올바르지 않습니다.	The value of {key} is not valid.	{key} 的值无效。	{key} の値が正しくありません。	Giá trị của {key} không hợp lệ.
slot.default	슬롯 {n}	Slot {n}	槽位 {n}	スロット {n}	Ô {n}
# 잠금 화면
lock.unsupportedTitle	새 버전이 필요합니다	A newer version is required	需要更新版本	新しいバージョンが必要です	Cần phiên bản mới hơn
lock.unsupportedBody	이 설정 파일은 더 새로운 1Key 로 저장되어 이 버전(v{version})으로는 열 수 없습니다.\n파일은 바꾸지 않았습니다. 최신 1Key 를 실행해 주세요.\n({reason})	This settings file was saved by a newer 1Key and cannot be opened by this version (v{version}).\nThe file was not changed. Please run the latest 1Key.\n({reason})	此设置文件由更新版本的 1Key 保存，本版本（v{version}）无法打开。\n文件未被更改。请运行最新版 1Key。\n（{reason}）	この設定ファイルは新しい 1Key で保存されたため、このバージョン（v{version}）では開けません。\nファイルは変更していません。最新の 1Key を起動してください。\n（{reason}）	Tệp cài đặt này được lưu bởi 1Key mới hơn nên phiên bản này (v{version}) không mở được.\nTệp không bị thay đổi. Hãy chạy 1Key mới nhất.\n({reason})
lock.createTitle	마스터 비밀번호 만들기	Create a master password	创建主密码	マスター パスワードの作成	Tạo mật khẩu chính
lock.lockedTitle	잠겨 있음	Locked	已锁定	ロック中	Đã khóa
lock.createSub	저장할 비밀번호를 보호할 마스터 비밀번호를 정하세요	Choose a master password to protect what you save	请设置用于保护所存内容的主密码	保存する内容を守るマスター パスワードを決めてください	Đặt mật khẩu chính để bảo vệ nội dung bạn lưu
lock.lockedSub	마스터 비밀번호를 입력하세요	Enter your master password	请输入主密码	マスター パスワードを入力してください	Nhập mật khẩu chính
lock.labelMaster	마스터 비밀번호	Master password	主密码	マスター パスワード	Mật khẩu chính
lock.labelAgain	마스터 비밀번호 확인	Confirm master password	确认主密码	マスター パスワードの確認	Xác nhận mật khẩu chính
lock.cueNew	새 마스터 비밀번호	New master password	新主密码	新しいマスター パスワード	Mật khẩu chính mới
lock.start	시작하기	Get started	开始使用	はじめる	Bắt đầu
lock.unlock	잠금 해제	Unlock	解锁	ロック解除	Mở khóa
lock.createNote	잊어버리면 저장된 내용을 복구할 수 없습니다. 8자 이상을 권장합니다.	If you forget it, saved items cannot be recovered. 8+ characters recommended.	忘记后将无法恢复已保存的内容。建议 8 位以上。	忘れると保存した内容は復元できません。8 文字以上を推奨します。	Nếu quên, nội dung đã lưu không thể khôi phục. Nên dùng từ 8 ký tự.
lock.trayNote	× 를 누르면 종료할지 묻습니다. − 는 최소화입니다.	× asks whether to exit 1Key. − minimizes the window.	点击 × 会询问是否退出。− 为最小化。	× を押すと終了するか確認します。− は最小化です。	Nhấn × sẽ hỏi có thoát không. − là thu nhỏ.
lock.kbdEnglish	영문	IME off	输入法关	IME オフ	Gõ tắt
lock.kbdNative	한글	IME on	输入法开	IME オン	Gõ bật
lock.capsOff	Caps 꺼짐	Caps off	大写 关	Caps オフ	Caps tắt
lock.capsOn	Caps 켜짐	Caps on	大写 开	Caps オン	Caps bật
lock.widgetHello	잠겨 있어요	1Key is locked	1Key 已锁定	1Key はロック中です	1Key đang khóa
lock.widgetHelloNew	처음 오셨군요	Welcome	欢迎使用	ようこそ	Chào mừng
lock.widgetSubNew	마스터 비밀번호를 정해 주세요(두 번 입력)	Set a master password (enter it twice)	请设置主密码（输入两次）	マスター パスワードを決めてください（2 回入力）	Hãy đặt mật khẩu chính (nhập hai lần)
lock.widgetFallback	잠금 화면을 다시 열었습니다. 마스터 비밀번호를 다시 입력해 주세요.	The lock screen was reopened. Please enter your master password again.	已重新打开锁定界面。请再次输入主密码。	ロック画面を開き直しました。マスターパスワードをもう一度入力してください。	Đã mở lại màn hình khóa. Vui lòng nhập lại mật khẩu chính.
lock.a11yPress	누르기	Press	按下	押す	Nhấn
weak.short	8자보다 짧습니다. 짧은 비밀번호는 저장 파일만 있으면 몇 초 만에 맞힐 수 있어 8자 이상을 권장합니다.	It is shorter than 8 characters. With only the saved file, a short password can be guessed in seconds, so 8 or more characters are recommended.	少于 8 位。只要拿到保存文件，短密码几秒钟就可能被猜出，建议 8 位以上。	8 文字未満です。保存ファイルさえあれば短いパスワードは数秒で当てられるため、8 文字以上を推奨します。	Mật khẩu ngắn hơn 8 ký tự. Chỉ cần có tệp lưu là mật khẩu ngắn có thể bị đoán trong vài giây, nên hãy dùng từ 8 ký tự trở lên.
weak.pattern	같은 글자의 반복이나 연속된 순서(12345678, abcdefgh 등)는 가장 먼저 시도되는 비밀번호입니다.	Repeated characters or simple sequences (12345678, abcdefgh, etc.) are the first passwords an attacker tries.	重复字符或连续序列（12345678、abcdefgh 等）是最先被尝试的密码。	同じ文字の繰り返しや連続した並び（12345678、abcdefgh など）は真っ先に試されるパスワードです。	Ký tự lặp lại hoặc chuỗi liên tiếp (12345678, abcdefgh…) là những mật khẩu bị thử đầu tiên.
weak.common	매우 흔한 비밀번호입니다. 다른 사람이 짐작하기 어려운 문장이나 단어 조합을 권장합니다.	This is a very common password. A phrase or word combination others cannot guess is recommended.	这是非常常见的密码。建议使用他人难以猜到的句子或词语组合。	非常によくあるパスワードです。他人が推測しにくい文や単語の組み合わせを推奨します。	Đây là mật khẩu rất phổ biến. Nên dùng một câu hoặc tổ hợp từ mà người khác khó đoán.
lock.mismatch	두 비밀번호가 서로 다릅니다. 다시 입력해 주세요.	The two passwords do not match. Please enter them again.	两次输入的密码不一致，请重新输入。	2 つのパスワードが一致しません。もう一度入力してください。	Hai mật khẩu không khớp. Vui lòng nhập lại.
master.tooShort	마스터 비밀번호는 4자 이상이어야 합니다.	The master password must be at least 4 characters.	主密码至少需要 4 个字符。	マスター パスワードは 4 文字以上にしてください。	Mật khẩu chính phải có ít nhất 4 ký tự.
lock.useAnyway	그래도 이 비밀번호를 쓸까요?	Use this password anyway?	仍要使用此密码吗？	それでもこのパスワードを使いますか?	Vẫn dùng mật khẩu này?
balloon.weakMaster	마스터 비밀번호가 쉬운 편입니다. 설정 → 보안 → 마스터 비밀번호 바꾸기에서 바꿀 수 있습니다.	Your master password is fairly weak. You can change it in Settings → Security → Change master password.	主密码强度较弱。可在“设置 → 安全 → 更改主密码”中更改。	マスター パスワードが推測されやすいです。設定 → セキュリティ → マスター パスワードの変更 で変更できます。	Mật khẩu chính khá yếu. Bạn có thể đổi trong Cài đặt → Bảo mật → Đổi mật khẩu chính.
balloon.migrationFailed	예전 형식의 설정을 새 형식으로 다시 저장하지 못했습니다. 다음에 저장할 때 다시 시도합니다.	Could not re-save the old-format settings in the new format. 1Key will try again the next time it saves.	未能将旧格式的设置重新保存为新格式。下次保存时会再试。	旧形式の設定を新しい形式で保存し直せませんでした。次回の保存時にもう一度試します。	Không lưu lại được cài đặt định dạng cũ sang định dạng mới. 1Key sẽ thử lại ở lần lưu sau.
lock.payloadInvalid	마스터 비밀번호는 맞지만 저장된 내용이 형식에 맞지 않습니다(손상).\n파일은 바꾸지 않았습니다. {path}	The master password is correct, but the saved content is not in a valid format (damaged).\nThe file was not changed. {path}	主密码正确，但保存的内容格式不正确（已损坏）。\n文件未被更改。{path}	マスター パスワードは正しいですが、保存された内容の形式が正しくありません（破損）。\nファイルは変更していません。{path}	Mật khẩu chính đúng nhưng nội dung đã lưu không đúng định dạng (bị hỏng).\nTệp không bị thay đổi. {path}
lock.wrongMaster	마스터 비밀번호가 올바르지 않습니다.\n(비밀번호가 맞는데도 계속 이 안내가 나오면 설정 파일이 손상되었거나 다른 프로그램이 바꾼 것입니다.)	The master password is incorrect.\n(If this keeps appearing even though the password is right, the settings file is damaged or was changed by another program.)	主密码不正确。\n（如果密码正确却一直出现此提示，说明设置文件已损坏或被其他程序修改。）	マスター パスワードが正しくありません。\n（正しいのにこの案内が続く場合は、設定ファイルが壊れているか、ほかのプログラムに変更されています。）	Mật khẩu chính không đúng.\n(Nếu mật khẩu đúng mà thông báo này vẫn xuất hiện, tệp cài đặt đã bị hỏng hoặc bị chương trình khác thay đổi.)
# 목록
list.title	단축키	Shortcuts	快捷键	ショートカット	Phím tắt
list.heading	내 항목	My items	我的项目	マイ項目	Mục của tôi
list.search	이름이나 단축키로 찾기	Search by name or shortcut	按名称或快捷键查找	名前やショートカットで検索	Tìm theo tên hoặc phím tắt
list.count	{total}개 중 {shown}개	{shown} of {total}	{shown} / {total}	{total} 件中 {shown} 件	{shown} / {total}
list.clearSearch	검색 지우기	Clear search	清除搜索	検索をクリア	Xóa tìm kiếm
list.noMatch	찾는 단축키가 없습니다.	No matching shortcuts.	没有匹配的快捷键。	該当するショートカットはありません。	Không có phím tắt phù hợp.
list.subNoContent	내용 없음	No content	无内容	内容なし	Chưa có nội dung
list.subNoHotkey	단축키 없음 (눌러서 지정)	No shortcut (click to set)	无快捷键（点击设置）	ショートカットなし（クリックして設定）	Chưa có phím tắt (bấm để đặt)
list.subRegFailed	등록 실패: 다른 프로그램이 이 키를 쓰고 있음	Not registered: another program uses this key	注册失败：其他程序正在使用此键	登録失敗: ほかのプログラムがこのキーを使用中	Đăng ký thất bại: chương trình khác đang dùng phím này
list.subEnter	Enter 까지	+ Enter	+ Enter	+ Enter	+ Enter
list.subEnterNoBrowser	Enter 까지 (브라우저 제외)	+ Enter (not in browsers)	+ Enter（浏览器除外）	+ Enter（ブラウザーを除く）	+ Enter (trừ trình duyệt)
list.subSite	사이트 {site}	Site {site}	网站 {site}	サイト {site}	Trang web {site}
list.subAppRelink	프로그램 {exe} · 다시 연결 필요	Program {exe} · link again	程序 {exe} · 需重新关联	プログラム {exe} · 再リンクが必要	Chương trình {exe} · cần liên kết lại
list.subApp	프로그램 {exe}	Program {exe}	程序 {exe}	プログラム {exe}	Chương trình {exe}
list.subLinkIncomplete	연결 미완성	Link incomplete	关联未完成	リンク未完了	Liên kết chưa xong
list.add	추가	Add	添加	追加	Thêm
toast.warnHead	⚠ 안내	⚠ Notice	⚠ 提示	⚠ お知らせ	⚠ Lưu ý
list.full	{max}개를 모두 사용 중입니다. 항목을 지우면 추가할 수 있습니다.	All {max} slots are in use. Delete an item to add a new one.	{max} 个槽位已全部使用。删除一项后才能添加。	{max} 件すべて使用中です。項目を削除すると追加できます。	Đã dùng hết {max} ô. Xóa một mục để thêm mục mới.
list.intro	입력할 내용과 단축키를 등록하면, 그 키를 눌렀을 때 커서가 있는 곳에 그 내용이 입력됩니다.	Register text and a shortcut. When you press the shortcut, 1Key types the text where the cursor is.	登记要输入的内容和快捷键后，按下该快捷键即可在光标处输入该内容。	入力する内容とショートカットを登録すると、そのキーを押したときにカーソルの位置へ内容が入力されます。	Đăng ký nội dung và phím tắt. Khi nhấn phím tắt, 1Key sẽ nhập nội dung tại vị trí con trỏ.
list.settings	설정	Settings	设置	設定	Cài đặt
list.settingsDirty	저장하지 않은 변경 있음	Unsaved changes	有未保存的更改	未保存の変更あり	Có thay đổi chưa lưu
list.settingsSummary	자동 실행 · 테마 · 언어 · 보안 · 입력 전송 키 · 관리자 권한 · 고급	Startup · Theme · Language · Security · Send-input key · Admin · Advanced	自启动 · 主题 · 语言 · 安全 · 输入发送键 · 管理员权限 · 高级	自動起動 · テーマ · 言語 · セキュリティ · 入力送信キー · 管理者権限 · 詳細	Khởi động · Giao diện · Ngôn ngữ · Bảo mật · Phím gửi nhập · Quản trị · Nâng cao
row.editHint	편집	Edit	编辑	編集	Sửa
# 설정
set.general	일반	General	常规	全般	Chung
set.autostart	Windows 시작 시 자동 실행	Start with Windows	随 Windows 启动	Windows の起動時に自動実行	Khởi động cùng Windows
set.autostartInstalledOnly	자동 실행은 설치한 1Key 에서만 바꿀 수 있습니다. 설치 파일(1Key-Setup)로 설치한 뒤 시작 메뉴의 1Key 를 쓰세요.	Start with Windows can only be changed in the installed 1Key. Install it with the setup file (1Key-Setup) and use 1Key from the Start menu.	只有已安装的 1Key 才能更改开机自动运行。请用安装程序（1Key-Setup）安装后，从开始菜单使用 1Key。	自動起動はインストールした 1Key でのみ変更できます。セットアップ（1Key-Setup）でインストールし、スタートメニューの 1Key を使ってください。	Chỉ có thể thay đổi tự khởi động trong 1Key đã cài đặt. Hãy cài bằng tệp cài đặt (1Key-Setup) và dùng 1Key từ menu Start.
set.autostartByInstaller	Windows 시작 시 자동 실행은 잠시 중단했습니다(보안 프로그램 오탐 확인 중). 1Key 는 시작 메뉴에서 실행하세요.	Start with Windows is paused for now (a security-software false positive is being reviewed). Start 1Key from the Start menu.	开机自动运行暂时停用（正在核实安全软件误报）。请从“开始”菜单运行 1Key。	Windows 起動時の自動実行は一時停止中です（セキュリティ ソフトの誤検出を確認中）。1Key はスタート メニューから起動してください。	Tạm dừng tự khởi động cùng Windows (đang kiểm tra cảnh báo nhầm của phần mềm bảo mật). Hãy mở 1Key từ menu Start.
set.autostartToolTip	켜거나 끄고 [저장]하면 자동 실행을 등록하거나 지웁니다. "항상 관리자 권한으로 실행"이 켜져 있으면 관리자 승인(UAC)을 한 번 묻고, 로그인할 때 관리자 권한으로 시작합니다.	Turn it on or off and press [Save]: 1Key registers or removes startup. With "Always run as administrator" on, it asks once for administrator approval (UAC) and 1Key starts as administrator at sign-in.	打开或关闭后按 [保存]，即注册或移除自动运行。若打开了“始终以管理员身份运行”，会请求一次管理员批准（UAC），登录时以管理员身份启动。	オン・オフして [保存] を押すと、自動実行を登録・解除します。「常に管理者として実行」がオンなら管理者の承認（UAC）を一度求め、サインイン時に管理者として起動します。	Bật hoặc tắt rồi bấm [Lưu]: 1Key đăng ký hoặc gỡ khởi động cùng Windows. Nếu bật "Luôn chạy với quyền quản trị", sẽ hỏi phê duyệt (UAC) một lần và 1Key khởi động với quyền quản trị khi đăng nhập.
set.autostartToolOpened	자동 실행 등록 창이 열렸습니다. 창의 안내를 따르세요.	The registration window is open. Follow its instructions.	自动运行注册窗口已打开。请按窗口中的提示操作。	登録ウィンドウが開きました。ウィンドウの案内に従ってください。	Cửa sổ đăng ký đã mở. Hãy làm theo hướng dẫn trong cửa sổ.
set.autostartToolMissing	자동 실행 등록 도구가 설치 폴더(tools)에 없습니다. 설치 파일로 다시 설치하세요.	The registration tool is missing from the install folder (tools). Reinstall with the setup file.	安装文件夹（tools）中没有自动运行注册工具。请用安装程序重新安装。	インストール フォルダー（tools）に登録ツールがありません。セットアップで再インストールしてください。	Không có công cụ đăng ký trong thư mục cài đặt (tools). Hãy cài đặt lại bằng tệp cài đặt.
set.autostartToolFailed	자동 실행을 바꾸지 못했습니다(관리자 승인이 취소되었거나 실행하지 못했습니다).	Could not change Start with Windows (administrator approval was cancelled, or it could not run).	无法更改随 Windows 启动（管理员批准被取消，或无法运行）。	自動実行を変更できませんでした（管理者の承認が取り消されたか、実行できませんでした）。	Không thay đổi được khởi động cùng Windows (phê duyệt quản trị bị hủy, hoặc không chạy được).
set.autostartOn	Windows 시작 시 자동 실행을 켰습니다.	Start with Windows is now on.	已开启随 Windows 启动。	Windows の起動時に自動実行をオンにしました。	Đã bật khởi động cùng Windows.
set.autostartOff	Windows 시작 시 자동 실행을 껐습니다.	Start with Windows is now off.	已关闭随 Windows 启动。	Windows の起動時に自動実行をオフにしました。	Đã tắt khởi động cùng Windows.
set.startMin	시작 시 트레이	Tray on start	启动时到托盘	起動時にトレイ	Khay khi khởi động
set.walker	트레이 위젯 모드	Tray widget mode	托盘小部件模式	トレイ ウィジェット モード	Chế độ tiện ích khay
set.walkerTip	켜면 창을 트레이로 내릴 때(× 또는 목록 위의 위젯 단추) 고양이가 작업 표시줄 오른쪽 위에 앉아 마우스 쪽을 쳐다봅니다. 누르면 1Key 창이 열립니다.	When on, sending the window to the tray (× or the widget button above the list) puts a cat on the right end of the taskbar that watches your mouse pointer. Click it to open 1Key.	开启后，将窗口收到托盘时（× 或列表上方的小部件按钮），一只小猫会坐在任务栏右侧上方，目光跟随鼠标。点击即可打开 1Key。	オンにすると、ウィンドウをトレイにしまうとき（× または一覧の上のウィジェット ボタン）、猫がタスクバーの右上に座ってマウスのほうを見ます。押すと 1Key が開きます。	Khi bật, đưa cửa sổ xuống khay (× hoặc nút tiện ích phía trên danh sách) thì một chú mèo ngồi ở góc phải phía trên thanh tác vụ và nhìn theo con trỏ chuột. Bấm vào để mở 1Key.
list.widgetMode	위젯 모드로 내리기	Send to widget mode	收起为小部件模式	ウィジェット モードにする	Chuyển sang chế độ tiện ích
set.display	화면	Display	显示	表示	Hiển thị
set.theme	테마	Theme	主题	テーマ	Giao diện
set.language	언어	Language	语言	言語	Ngôn ngữ
set.security	보안	Security	安全	セキュリティ	Bảo mật
set.autolock	자동 잠금	Auto-lock	自动锁定	自動ロック	Tự khóa
set.changeMaster	마스터 비밀번호 바꾸기	Change master password	更改主密码	マスター パスワードの変更	Đổi mật khẩu chính
set.btnMaster	변경	Change	更改	変更	Đổi
set.btnRestart	다시 시작	Restart	重新启动	再起動	Khởi động lại
set.btnOpen	열기	Open	打开	開く	Mở
set.btnBackup	백업	Back up	备份	バックアップ	Sao lưu
set.btnRestore	복원	Restore	恢复	復元	Khôi phục
set.chipSection	목록에서 넣기	Typing from the list	从列表输入	一覧から入力	Nhập từ danh sách
set.confirmKey	입력 전송 키	Send-input key	输入发送键	入力送信キー	Phím gửi nhập
set.chipNote	목록에서 [입력]을 누르면 작은 창이 뜹니다. 넣을 칸을 클릭한 뒤 이 키를 누르면 그 칸에 넣습니다(작은 창의 [입력] 버튼과 같음).	Pressing [Type] in the list opens a small window. Click the field, then press this key to type into it (same as the small window's [Type] button).	在列表中按 [输入] 会弹出小窗口。点击要输入的字段后按此键即可输入（与小窗口的 [输入] 按钮相同）。	一覧で [入力] を押すと小さな窓が出ます。入力する欄をクリックしてこのキーを押すと、その欄に入力します（小さな窓の [入力] ボタンと同じ）。	Nhấn [Nhập] trong danh sách sẽ mở một cửa sổ nhỏ. Bấm vào ô cần nhập rồi nhấn phím này để nhập vào ô đó (giống nút [Nhập] của cửa sổ nhỏ).
set.permission	권한	Permissions	权限	権限	Quyền
set.admin	항상 관리자 권한으로 실행	Always run as administrator	始终以管理员身份运行	常に管理者として実行	Luôn chạy với quyền quản trị
set.tools	도구	Tools	工具	ツール	Công cụ
set.restartAdmin	관리자 권한으로 다시 시작	Restart as administrator	以管理员身份重新启动	管理者として再起動	Khởi động lại với quyền quản trị
set.advanced	고급 설정	Advanced settings	高级设置	詳細設定	Cài đặt nâng cao
set.footer	변경은 [저장]해야 적용됩니다. 테마와 언어는 고르면 미리 보입니다.	Changes apply after [Save]. Theme and language preview as you choose.	更改需点击[保存]后才生效。主题和语言选择后即可预览。	変更は [保存] すると適用されます。テーマと言語は選ぶとプレビューされます。	Thay đổi chỉ áp dụng sau khi [Lưu]. Giao diện và ngôn ngữ được xem trước ngay khi chọn.
set.lockOff	사용 안 함	Off	不使用	使わない	Tắt
set.lockOffShort	안 함	Off	关闭	オフ	Tắt
set.minutes	{n}분	{n} min	{n} 分钟	{n} 分	{n} phút
set.lockNoteOff	자리를 비울 때는 직접 잠가 주세요(목록 위 잠금 버튼).	Lock it yourself when you step away (lock button above the list).	离开座位时请手动锁定（列表上方的锁定按钮）。	席を離れるときは手動でロックしてください（一覧の上のロック ボタン）。	Hãy tự khóa khi rời chỗ (nút khóa phía trên danh sách).
set.lockNoteOn	키보드와 마우스를 쓰지 않은 시간 기준으로 잠깁니다.	Locks after this long without keyboard or mouse input.	按未使用键盘和鼠标的时长自动锁定。	キーボードとマウスを使わなかった時間を基準にロックします。	Tự khóa sau khoảng thời gian không dùng bàn phím và chuột.
set.lockAfter	마지막으로 쓴 뒤	after last use	最后一次使用后	最後に使ってから	sau lần dùng cuối
set.lockManual	직접 잠그기	lock it yourself	手动锁定	手動でロック	tự khóa thủ công
set.adminNote	1Key 를 시작할 때마다(Windows 시작 때 포함) Windows 권한 확인 창이 뜹니다.	Windows will ask for permission each time 1Key starts, including when Windows starts.	每次启动 1Key（包括随 Windows 启动时）都会弹出 Windows 权限确认窗口。	1Key を起動するたびに（Windows の起動時を含む）Windows の権限確認ウィンドウが表示されます。	Windows sẽ hỏi cấp quyền mỗi khi 1Key khởi động, kể cả khi khởi động cùng Windows.
set.leaveConfirm	변경된 설정이 있습니다. 저장하지 않으면 적용되지 않습니다.\n변경을 취소할까요?	You have changed settings. They will not apply unless you save.\nDiscard the changes?	设置已更改。不保存则不会生效。\n要放弃更改吗？	変更した設定があります。保存しないと適用されません。\n変更を取り消しますか?	Bạn đã thay đổi cài đặt. Nếu không lưu, thay đổi sẽ không được áp dụng.\nHủy các thay đổi?
set.confirmNeedsMod	입력 전송 키에 Ctrl / Alt / Shift / Win 중 하나 이상을 함께 지정해 주세요.	Include at least one of Ctrl / Alt / Shift / Win in the send-input key.	输入发送键需至少包含 Ctrl / Alt / Shift / Win 之一。	入力送信キーには Ctrl / Alt / Shift / Win のいずれかを含めてください。	Phím gửi nhập phải có ít nhất một trong Ctrl / Alt / Shift / Win.
set.confirmSameAs	입력 전송 키를 "{name}" 의 단축키와 같게 지정할 수 없습니다.	The send-input key cannot be the same as the shortcut of "{name}".	输入发送键不能与“{name}”的快捷键相同。	入力送信キーを「{name}」のショートカットと同じにはできません。	Phím gửi nhập không được trùng với phím tắt của "{name}".
set.saved	설정을 저장했습니다.	Settings saved.	设置已保存。	設定を保存しました。	Đã lưu cài đặt.
# 편집
edit.new	새 단축키	New shortcut	新快捷键	新しいショートカット	Phím tắt mới
edit.nameContent	이름과 내용	Name and content	名称和内容	名前と内容	Tên và nội dung
edit.name	이름	Name	名称	名前	Tên
edit.content	내용	Content	内容	内容	Nội dung
edit.loginId	ID	ID	ID	ID	ID
edit.loginPw	PW	PW	PW	PW	PW
edit.hotkeySection	단축키	Shortcut	快捷键	ショートカット	Phím tắt
edit.combo	단축키	Shortcut	快捷键	ショートカット	Phím tắt
edit.enter	입력 후 Enter 키 보내기	Press Enter after typing	输入后发送 Enter 键	入力後に Enter キーを送る	Nhấn Enter sau khi nhập
edit.noEnterBrowser	브라우저에서는 Enter 보내지 않기	Don't press Enter in browsers	在浏览器中不发送 Enter	ブラウザーでは Enter を送らない	Không nhấn Enter trong trình duyệt
edit.advanced	고급 설정	Advanced	高级设置	詳細設定	Nâng cao
edit.method	입력 방식	Method	输入方式	入力方式	Cách nhập
edit.cueName	예: 자주 사용하는 문구 (비우면 슬롯 {n})	e.g. Frequently used phrase (blank = Slot {n})	例：常用语句（留空则为槽位 {n}）	例: よく使う文句（空欄ならスロット {n}）	VD: Câu hay dùng (để trống = Ô {n})
edit.cuePw	단축키로 입력할 비밀번호나 문장	Password or text to type with the shortcut	用快捷键输入的密码或文字	ショートカットで入力するパスワードや文	Mật khẩu hoặc câu sẽ nhập bằng phím tắt
edit.input	입력 {n}	Input {n}	输入 {n}	入力 {n}	Ô nhập {n}
edit.addInput	+ 입력 추가	+ Add input	+ 添加输入	+ 入力を追加	+ Thêm ô nhập
edit.inputEmpty	입력 {n}이(가) 비어 있습니다. 내용을 넣거나 [×]로 지워 주세요.	Input {n} is empty. Enter something or remove it with [×].	输入 {n} 为空。请填写内容或用 [×] 删除。	入力 {n} が空です。内容を入れるか [×] で削除してください。	Ô nhập {n} đang trống. Hãy nhập nội dung hoặc xóa bằng [×].
edit.linksIncomplete	사이트 연결은 모든 입력을 같은 페이지에 연결하거나 모두 해제해야 저장할 수 있습니다. 일부만 연결하면 넣을 곳을 확실히 정할 수 없습니다.	To save, link every input to the same page or remove all site links. With only some inputs linked, 1Key cannot be sure where to type.	要保存，请把所有输入关联到同一页面，或全部解除网站关联。只关联部分输入时无法确定输入位置。	保存するには、すべての入力を同じページにリンクするか、サイトへのリンクをすべて解除してください。一部だけリンクすると入力先を確定できません。	Để lưu, hãy liên kết mọi mục với cùng một trang hoặc bỏ hết liên kết. Nếu chỉ liên kết một phần, 1Key không thể chắc chắn nhập vào đâu.
edit.inputNote	사이트에 연결하면 단축키도 입력마다 연결한 칸에 넣습니다. 연결하지 않았으면 커서가 있는 칸부터, 칸마다 글을 지우고 넣은 뒤 Tab 으로 다음 칸에 갑니다.	When linked to a site, the shortcut puts each input into its linked field. Without links it starts at the cursor: it clears each field, types the input and presses Tab to move on.	关联到网站后，快捷键会把每个输入填入其关联的输入框。未关联时从光标处开始：先清空每个输入框再输入，然后按 Tab 移到下一个。	サイトにリンクすると、ショートカットも入力ごとにリンクした欄に入れます。リンクしていなければカーソルのある欄から、欄ごとに文字を消して入力し、Tab で次の欄に移ります。	Khi đã liên kết với trang web, phím tắt đưa từng mục vào ô đã liên kết. Nếu chưa liên kết, phím tắt bắt đầu từ vị trí con trỏ: xóa từng ô, nhập rồi nhấn Tab để sang ô tiếp theo.
edit.noteNoEnterBrowser	브라우저에서는 Enter 를 보내지 않습니다.	Enter is not pressed in browsers.	在浏览器中不会发送 Enter。	ブラウザーでは Enter を送りません。	Không nhấn Enter trong trình duyệt.
edit.noteEnterBrowser	브라우저에서도 Enter 를 보냅니다. 입력 도중 다른 칸으로 옮겨 가면 그 칸의 내용이 전송될 수 있습니다.	Enter is pressed in browsers too. If focus moves to another field while typing, that field may be submitted.	在浏览器中也会发送 Enter。输入过程中如果焦点移到其他输入框，该框的内容可能会被提交。	ブラウザーでも Enter を送ります。入力中にほかの欄へ移ると、その欄の内容が送信されることがあります。	Enter cũng được nhấn trong trình duyệt. Nếu con trỏ chuyển sang ô khác khi đang nhập, nội dung ô đó có thể bị gửi đi.
edit.noteClipboard	클립보드 붙여넣기: 입력 뒤 원래 글은 되돌리지만, 그림·파일은 되살리지 못합니다.	Clipboard paste: text on the clipboard is restored afterwards, but images and files are not.	剪贴板粘贴：输入后会恢复原来的文字，但无法恢复图片和文件。	クリップボード貼り付け: 入力後に元の文字列は戻しますが、画像やファイルは戻せません。	Dán qua bộ nhớ tạm: văn bản cũ được khôi phục sau khi nhập, nhưng hình ảnh và tệp thì không.
edit.needMod	단축키에 Ctrl / Alt / Shift / Win 중 하나 이상을 함께 지정해 주세요.\n(PrintScreen · ScrollLock · Pause · F13~F24 키는 단독으로도 됩니다.)	Include at least one of Ctrl / Alt / Shift / Win in the shortcut.\n(PrintScreen · ScrollLock · Pause · F13–F24 also work on their own.)	快捷键需至少包含 Ctrl / Alt / Shift / Win 之一。\n（PrintScreen · ScrollLock · Pause · F13~F24 可单独使用。）	ショートカットには Ctrl / Alt / Shift / Win のいずれかを含めてください。\n（PrintScreen · ScrollLock · Pause · F13～F24 は単独でも使えます。）	Phím tắt phải có ít nhất một trong Ctrl / Alt / Shift / Win.\n(PrintScreen · ScrollLock · Pause · F13–F24 có thể dùng riêng.)
edit.isConfirmKey	{key} 는 입력 전송 키로 쓰고 있습니다.\n다른 조합으로 지정하거나, 설정에서 입력 전송 키를 바꿔 주세요.	{key} is used as the send-input key.\nChoose another combination, or change the send-input key in Settings.	{key} 已被用作输入发送键。\n请指定其他组合，或在设置中更改输入发送键。	{key} は入力送信キーとして使われています。\n別の組み合わせにするか、設定で入力送信キーを変更してください。	{key} đang được dùng làm phím gửi nhập.\nHãy chọn tổ hợp khác hoặc đổi phím gửi nhập trong Cài đặt.
edit.dupHotkey	같은 단축키를 "{name}" 이(가) 이미 쓰고 있습니다.\n다른 조합으로 지정해 주세요.	"{name}" already uses the same shortcut.\nPlease choose another combination.	“{name}”已在使用相同的快捷键。\n请指定其他组合。	同じショートカットを「{name}」がすでに使っています。\n別の組み合わせにしてください。	"{name}" đã dùng phím tắt này.\nHãy chọn tổ hợp khác.
edit.deleteConfirm	"{name}" 을(를) 지울까요?\n저장된 내용과 단축키가 함께 지워집니다.	Delete "{name}"?\nIts saved content and shortcut will be deleted.	要删除“{name}”吗？\n已保存的内容和快捷键会一起删除。	「{name}」を削除しますか?\n保存した内容とショートカットも削除されます。	Xóa "{name}"?\nNội dung đã lưu và phím tắt sẽ bị xóa cùng.
edit.notDeleted	지우지 않았습니다.	Nothing was deleted.	未删除。	削除していません。	Chưa xóa gì.
edit.discard	저장하지 않은 변경이 있습니다. 버리고 나갈까요?	You have unsaved changes. Discard them and leave?	有未保存的更改。要放弃并离开吗？	保存していない変更があります。破棄して戻りますか?	Có thay đổi chưa lưu. Bỏ thay đổi và thoát?
edit.needContent	먼저 입력할 내용을 넣어 주세요.	Enter the content to type first.	请先填写要输入的内容。	先に入力する内容を入れてください。	Hãy nhập nội dung trước.
edit.testGuide	확인을 누른 뒤 3초 안에 내용을 넣을 다른 프로그램의 입력란(메모장 등)을 클릭해 커서를 놓아 주세요.\n3초 후 지금 적은 내용을 그 자리에 입력합니다. 테스트에서는 Enter 를 보내지 않고, 1Key 창에는 입력하지 않습니다.	After clicking OK, within 3 seconds click the input field of another program (e.g. Notepad) to place the cursor.\nAfter 3 seconds, 1Key types what you entered there. The test never presses Enter and never types into the 1Key window.	点击确定后，请在 3 秒内点击其他程序（如记事本）的输入框，把光标放进去。\n3 秒后会在该处输入当前填写的内容。测试时不会发送 Enter，也不会输入到 1Key 窗口。	OK を押したら 3 秒以内に、ほかのプログラム（メモ帳など）の入力欄をクリックしてカーソルを置いてください。\n3 秒後、いま入力した内容をその場所に入力します。テストでは Enter を送らず、1Key のウィンドウには入力しません。	Sau khi bấm OK, trong vòng 3 giây hãy bấm vào ô nhập của chương trình khác (ví dụ Notepad) để đặt con trỏ.\nSau 3 giây, 1Key sẽ nhập nội dung vừa điền vào đó. Khi thử sẽ không nhấn Enter và không nhập vào cửa sổ 1Key.
# 고급·마스터
adv.speed	입력 속도	Typing speed	输入速度	入力速度	Tốc độ nhập
adv.keyDelay	키 입력 간격 (ms)	Delay between keys (ms)	按键间隔 (ms)	キー入力の間隔 (ms)	Khoảng cách giữa các phím (ms)
adv.preDelay	입력 시작 전 대기 (ms)	Wait before typing (ms)	开始输入前等待 (ms)	入力開始前の待機 (ms)	Chờ trước khi nhập (ms)
adv.footer	입력이 밀리거나 글자가 빠지면 값을 늘려 보세요.	If typing lags or characters go missing, try larger values.	如果输入延迟或漏字，请尝试调大数值。	入力が遅れたり文字が抜けたりする場合は、値を大きくしてみてください。	Nếu nhập bị trễ hoặc mất ký tự, hãy thử tăng giá trị.
adv.diag	진단	Diagnostics	诊断	診断	Chẩn đoán
adv.diagRow	입력이 안 될 때 원인 확인	Find out why typing fails	查找无法输入的原因	入力できないときの原因を確認	Tìm lý do không nhập được
pw.masterCurrent	마스터 비밀번호 입력	Enter master password	输入主密码	マスター パスワードを入力	Nhập mật khẩu chính
pw.backupEnter	백업 비밀번호 입력	Enter backup password	输入备份密码	バックアップ パスワードを入力	Nhập mật khẩu sao lưu
pw.backupConfirm	백업 비밀번호 확인	Confirm backup password	确认备份密码	バックアップ パスワードの確認	Xác nhận mật khẩu sao lưu
pw.newMasterEnter	새 마스터 비밀번호 입력	Enter new master password	输入新主密码	新しいマスター パスワードを入力	Nhập mật khẩu chính mới
pw.newMasterConfirm	새 마스터 비밀번호 확인	Confirm new master password	确认新主密码	新しいマスター パスワードの確認	Xác nhận mật khẩu chính mới
pw.match	비밀번호가 일치합니다.	Passwords match.	密码一致。	パスワードが一致します。	Mật khẩu khớp.
pw.mismatch	비밀번호가 일치하지 않습니다.	Passwords do not match.	密码不一致。	パスワードが一致しません。	Mật khẩu không khớp.
master.footer	4자 이상, 8자 이상 권장.	At least 4 characters, 8+ recommended.	至少 4 个字符，建议 8 个以上。	4 文字以上、8 文字以上を推奨。	Ít nhất 4 ký tự, nên từ 8 ký tự.
master.wrongCurrent	마스터 비밀번호가 맞지 않습니다.	The current master password is incorrect.	当前主密码不正确。	現在のマスター パスワードが正しくありません。	Mật khẩu chính hiện tại không đúng.
master.mismatch	새 비밀번호 두 칸이 서로 다릅니다.	The two new passwords do not match.	两次输入的新密码不一致。	新しいパスワードの 2 つの欄が一致しません。	Hai ô mật khẩu mới không khớp.
master.same	새 비밀번호가 지금과 같습니다.	The new password is the same as the current one.	新密码与当前密码相同。	新しいパスワードが現在と同じです。	Mật khẩu mới giống mật khẩu hiện tại.
master.changeAnyway	그래도 이 비밀번호로 바꿀까요?	Change to this password anyway?	仍要改为此密码吗？	それでもこのパスワードに変更しますか?	Vẫn đổi sang mật khẩu này?
master.failed	마스터 비밀번호를 바꾸지 못했습니다. 예전 비밀번호가 그대로 유효합니다.	Could not change the master password. The old password is still valid.	未能更改主密码。原密码仍然有效。	マスター パスワードを変更できませんでした。以前のパスワードがそのまま有効です。	Không đổi được mật khẩu chính. Mật khẩu cũ vẫn còn hiệu lực.
master.changed	마스터 비밀번호를 바꿨습니다. 다음 잠금 해제부터 새 비밀번호를 쓰세요.	Master password changed. Use the new password from the next unlock.	主密码已更改。下次解锁起请使用新密码。	マスター パスワードを変更しました。次回のロック解除から新しいパスワードを使ってください。	Đã đổi mật khẩu chính. Từ lần mở khóa sau hãy dùng mật khẩu mới.
# 저장 실패 (Codex QA-07)
save.failed	설정을 저장하지 못했습니다. 화면의 값은 그대로 있습니다.	Could not save. What you entered is still on screen.	未能保存设置。屏幕上的内容保持不变。	設定を保存できませんでした。画面の値はそのまま残っています。	Không lưu được cài đặt. Các giá trị trên màn hình vẫn giữ nguyên.
save.detail	자세한 정보	Details	详细信息	詳細情報	Chi tiết
save.access	이 폴더에 쓸 권한이 없습니다. 폴더 권한을 확인하거나 PC 관리자에게 문의해 주세요.	You do not have permission to write to this folder. Check the folder permissions or contact your PC administrator.	没有写入此文件夹的权限。请检查文件夹权限或联系电脑管理员。	このフォルダーに書き込む権限がありません。フォルダーの権限を確認するか、PC の管理者に問い合わせてください。	Bạn không có quyền ghi vào thư mục này. Hãy kiểm tra quyền thư mục hoặc liên hệ quản trị viên máy tính.
save.inuse	다른 프로그램(백신·백업·동기화 프로그램 등)이 설정 파일을 쓰는 중입니다. 잠시 뒤 다시 시도해 주세요.	Another program (antivirus, backup, sync, etc.) is using the settings file. Please try again in a moment.	其他程序（杀毒、备份、同步程序等）正在使用设置文件。请稍后再试。	ほかのプログラム（ウイルス対策・バックアップ・同期など）が設定ファイルを使用中です。しばらくしてから再試行してください。	Một chương trình khác (diệt virus, sao lưu, đồng bộ…) đang dùng tệp cài đặt. Hãy thử lại sau ít phút.
save.disk	디스크 공간이 부족합니다. 공간을 확보한 뒤 다시 시도해 주세요.	The disk is full. Free up space and try again.	磁盘空间不足。请释放空间后再试。	ディスクの空き容量が不足しています。空きを確保してから再試行してください。	Ổ đĩa đã đầy. Hãy giải phóng dung lượng rồi thử lại.
save.dpapi	Windows 데이터 보호로 암호화하지 못했습니다. Windows 에 다시 로그인하거나 PC 를 다시 시작한 뒤 시도해 주세요. 계속되면 PC 관리자에게 문의해 주세요. (암호화 없이 저장하지 않습니다.)	Windows data protection could not encrypt the file. Sign in to Windows again or restart the PC, then try again. If it continues, contact your PC administrator. (1Key never saves without encryption.)	Windows 数据保护未能加密。请重新登录 Windows 或重启电脑后再试。如仍失败，请联系电脑管理员。（不会在未加密的情况下保存。）	Windows のデータ保護で暗号化できませんでした。Windows にサインインし直すか PC を再起動してから試してください。続く場合は PC の管理者に問い合わせてください。（暗号化せずに保存することはありません。）	Tính năng bảo vệ dữ liệu của Windows không mã hóa được. Hãy đăng nhập lại Windows hoặc khởi động lại máy rồi thử lại. Nếu vẫn lỗi, hãy liên hệ quản trị viên máy tính. (1Key không bao giờ lưu khi chưa mã hóa.)
save.backup	읽지 못한 예전 설정 파일의 사본(.bak)을 만들지 못해 덮어쓰지 않았습니다. 폴더의 쓰기 권한과 남은 공간을 확인해 주세요.	Could not make a copy (.bak) of the unreadable old settings file, so it was not overwritten. Check the folder's write permission and free space.	未能为无法读取的旧设置文件创建副本（.bak），因此没有覆盖。请检查文件夹的写入权限和剩余空间。	読み込めなかった古い設定ファイルのコピー（.bak）を作れなかったため、上書きしていません。フォルダーの書き込み権限と空き容量を確認してください。	Không tạo được bản sao (.bak) của tệp cài đặt cũ không đọc được, nên chưa ghi đè. Hãy kiểm tra quyền ghi và dung lượng trống của thư mục.
save.other	잠시 뒤 다시 시도해 주세요. 계속되면 아래 정보를 캡처해 문의해 주세요.	Please try again in a moment. If it continues, take a screenshot of the details below and contact support.	请稍后再试。如仍失败，请截取下方信息并咨询。	しばらくしてから再試行してください。続く場合は下の情報をキャプチャして問い合わせてください。	Hãy thử lại sau ít phút. Nếu vẫn lỗi, hãy chụp màn hình thông tin bên dưới và liên hệ hỗ trợ.
# 실행 중 알림
balloon.autoLocked	{n}분 동안 입력이 없어 자동으로 잠갔습니다.	Locked automatically after {n} min without input.	{n} 分钟无操作，已自动锁定。	{n} 分間入力がなかったため自動でロックしました。	Đã tự khóa vì không có thao tác trong {n} phút.
hotkey.regFailed	다음 단축키를 등록하지 못했습니다. 다른 프로그램이 이미 쓰고 있습니다:	These shortcuts could not be registered because other programs already use them:	以下快捷键未能注册，已被其他程序使用：	次のショートカットを登録できませんでした。ほかのプログラムがすでに使っています:	Không đăng ký được các phím tắt sau vì chương trình khác đang dùng:
balloon.lockedFire	잠금 상태입니다. 잠금을 해제한 뒤 입력란을 다시 클릭하고 단축키를 눌러 주세요.	1Key is locked. Unlock it, click the input field again, then press the shortcut.	当前处于锁定状态。请解锁后重新点击输入框，再按快捷键。	ロック中です。ロックを解除してから入力欄をもう一度クリックし、ショートカットを押してください。	1Key đang khóa. Hãy mở khóa, bấm lại vào ô nhập rồi nhấn phím tắt.
balloon.emptySlot	{name} 에 저장된 내용이 없습니다.	"{name}" has no saved content.	“{name}”中没有保存的内容。	「{name}」に保存された内容がありません。	"{name}" chưa có nội dung đã lưu.
inject.failed	입력하지 못했습니다.	Could not type the text.	未能输入。	入力できませんでした。	Không nhập được.
chip.noConfirmKey	입력 전송 키가 지정되어 있지 않습니다.	No send-input key is set.	尚未指定输入发送键。	入力送信キーが設定されていません。	Chưa đặt phím gửi nhập.
chip.confirmKeyBusy	입력 전송 키({key})를 다른 프로그램이 쓰고 있어 등록하지 못했습니다.	The send-input key ({key}) is used by another program and could not be registered.	输入发送键（{key}）已被其他程序使用，未能注册。	入力送信キー（{key}）をほかのプログラムが使っているため登録できませんでした。	Phím gửi nhập ({key}) đang được chương trình khác dùng nên không đăng ký được.
chip.buttonOnly	작은 창의 [입력] 버튼으로만 넣을 수 있습니다. 계속할까요?\n(입력 전송 키는 설정에서 바꿀 수 있습니다.)	You can type only with the small window's [Type] button. Continue?\n(Change the send-input key in Settings.)	只能用小窗口的 [输入] 按钮输入。要继续吗？\n（可在设置中更改输入发送键。）	小さな窓の [入力] ボタンでのみ入力できます。続けますか?\n（入力送信キーは設定で変更できます。）	Chỉ có thể nhập bằng nút [Nhập] của cửa sổ nhỏ. Tiếp tục?\n(Đổi phím gửi nhập trong Cài đặt.)
chip.hintKey	넣을 칸을 클릭한 뒤 [입력] 또는 {key}	Click the field, then [Type] or {key}	点击目标输入框后按[输入]或 {key}	入力先をクリックして [入力] か {key}	Bấm vào ô cần nhập rồi bấm [Nhập] hoặc {key}
chip.hint	넣을 칸을 클릭한 뒤 [입력]	Click the field, then [Type]	点击目标输入框后按[输入]	入力先をクリックして [入力]	Bấm vào ô cần nhập rồi bấm [Nhập]
chip.createFailed	입력 칩을 만들지 못했습니다. 단축키로 입력해 주세요.	Could not show the typing chip. Please use the shortcut instead.	未能创建输入浮条。请使用快捷键输入。	入力チップを表示できませんでした。ショートカットで入力してください。	Không hiện được thanh nhập. Hãy dùng phím tắt.
chip.clickFirst	칸을 먼저 클릭하세요. 넣을 입력란을 클릭한 뒤 다시 누르세요.	Click a field first, then press again.	请先点击要输入的输入框，然后再按一次。	先に入力欄をクリックしてから、もう一度押してください。	Hãy bấm vào ô cần nhập trước rồi bấm lại.
chip.expired	{sec}초 동안 입력하지 않아 입력 대기를 취소했습니다.	Typing was cancelled because nothing happened for {sec} seconds.	{sec} 秒内未输入，已取消等待。	{sec} 秒間入力しなかったため、入力待ちを取り消しました。	Đã hủy chờ nhập vì không có thao tác trong {sec} giây.
chip.windowTitle	1Key 입력 대기	1Key – waiting to type	1Key 等待输入	1Key 入力待ち	1Key – chờ nhập
tray.waiting	대기 중: {name}	Waiting: {name}	等待中：{name}	待機中: {name}	Đang chờ: {name}
tray.more	외 {n}개	and {n} more	另外 {n} 个	ほか {n} 件	và {n} mục khác
tray.open	열기(&O)	&Open	打开(&O)	開く(&O)	&Mở
tray.lockNow	지금 잠금(&L)	&Lock now	立即锁定(&L)	今すぐロック(&L)	&Khóa ngay
tray.unlock	잠금 해제(&U)	&Unlock	解锁(&U)	ロック解除(&U)	Mở khóa (&U)
tray.moreMenu	외 {n}개… 창에서 선택(&M)	{n} more… choose in the window (&M)	另外 {n} 个… 在窗口中选择(&M)	ほか {n} 件… ウィンドウで選択(&M)	{n} mục khác… chọn trong cửa sổ (&M)
tray.exit	종료(&X)	E&xit	退出(&X)	終了(&X)	Thoát (&X)
balloon.lockedTray	잠금 상태입니다. 잠금을 해제한 뒤 다시 골라 주세요.	1Key is locked. Unlock it, then choose again.	当前处于锁定状态。请解锁后重新选择。	ロック中です。ロックを解除してから選び直してください。	1Key đang khóa. Hãy mở khóa rồi chọn lại.
balloon.tray	트레이에서 계속 실행됩니다. 단축키는 그대로 동작합니다.	1Key keeps running in the tray. Shortcuts still work.	1Key 会在托盘中继续运行，快捷键照常可用。	1Key はトレイで動作し続けます。ショートカットはそのまま使えます。	1Key vẫn chạy trong khay hệ thống. Phím tắt vẫn hoạt động.
exit.confirm	1Key 를 완전히 종료할까요?\n종료하면 단축키가 동작하지 않습니다. 잠시 자리를 비우는 거라면 [잠금]이나 창 닫기(트레이)를 쓰세요.	Exit 1Key completely?\nShortcuts stop working after exit. If you are just stepping away, use [Lock] or close the window (tray) instead.	要完全退出 1Key 吗？\n退出后快捷键将无法使用。如果只是暂时离开，请使用[锁定]或关闭窗口（托盘）。	1Key を完全に終了しますか?\n終了するとショートカットは動作しません。少し席を外すだけなら [ロック] かウィンドウを閉じる（トレイ）を使ってください。	Thoát hẳn 1Key?\nSau khi thoát, phím tắt sẽ không hoạt động. Nếu chỉ tạm rời chỗ, hãy dùng [Khóa] hoặc đóng cửa sổ (khay).
exit.confirmLocked	1Key 를 종료할까요?\n종료하면 단축키와 [채우기]가 동작하지 않습니다. 창만 내리려면 [아니요]를 누른 뒤 − (최소화)를 쓰세요.	Exit 1Key?\nShortcuts and [Fill] stop working after exit. To just put the window away, choose [No] and use − (minimize).	要退出 1Key 吗？\n退出后快捷键和 [填充] 将不起作用。如只想收起窗口，请选择 [否] 后使用 −（最小化）。	1Key を終了しますか？\n終了するとショートカットと [入力] が動作しなくなります。ウィンドウをしまうだけなら [いいえ] を押して −（最小化）を使ってください。	Thoát 1Key?\nSau khi thoát, phím tắt và [Điền] sẽ không hoạt động. Nếu chỉ muốn ẩn cửa sổ, hãy chọn [Không] rồi dùng − (thu nhỏ).
diag.title	창 정보 확인	Window check	窗口信息检查	ウィンドウ情報の確認	Kiểm tra cửa sổ
diag.guide	확인을 누른 뒤 3초 안에 검사할 창(예: 입력이 안 되는 결재창)을 클릭해 주세요.\n3초 후 그 창의 정보를 수집합니다.	After clicking OK, within 3 seconds click the window to check (e.g. an approval window that won't accept input).\nAfter 3 seconds, 1Key collects information about that window.	点击确定后，请在 3 秒内点击要检查的窗口（例如无法输入的审批窗口）。\n3 秒后将收集该窗口的信息。	OK を押したら 3 秒以内に、調べるウィンドウ（例: 入力できない決裁画面）をクリックしてください。\n3 秒後にそのウィンドウの情報を集めます。	Sau khi bấm OK, trong vòng 3 giây hãy bấm vào cửa sổ cần kiểm tra (ví dụ cửa sổ phê duyệt không nhập được).\nSau 3 giây, 1Key sẽ thu thập thông tin cửa sổ đó.
elev.offer	이 창은 관리자 권한으로 실행 중이라 지금은 입력되지 않습니다.\n1Key 를 관리자 권한으로 다시 시작할까요?\n\n다시 시작한 뒤 잠금을 해제하고 단축키를 다시 누르면 입력됩니다.	This window runs as administrator, so 1Key cannot type into it now.\nRestart 1Key as administrator?\n\nAfter restarting, unlock 1Key and press the shortcut again.	此窗口以管理员身份运行，目前无法输入。\n要以管理员身份重新启动 1Key 吗？\n\n重新启动并解锁后，再按一次快捷键即可输入。	このウィンドウは管理者として実行されているため、いまは入力できません。\n1Key を管理者として再起動しますか?\n\n再起動後にロックを解除し、ショートカットをもう一度押すと入力されます。	Cửa sổ này đang chạy với quyền quản trị nên hiện không nhập được.\nKhởi động lại 1Key với quyền quản trị?\n\nSau khi khởi động lại, hãy mở khóa rồi nhấn lại phím tắt.
elev.already	이미 관리자 권한으로 실행 중입니다.	Already running as administrator.	已在以管理员身份运行。	すでに管理者として実行中です。	Đang chạy với quyền quản trị.
elev.failed	관리자 권한으로 다시 시작하지 못했습니다.\n(UAC 를 취소했을 수 있습니다.)	Could not restart as administrator.\n(The UAC prompt may have been cancelled.)	未能以管理员身份重新启动。\n（可能取消了 UAC 提示。）	管理者として再起動できませんでした。\n（UAC を取り消した可能性があります。）	Không khởi động lại được với quyền quản trị.\n(Có thể bạn đã hủy hộp thoại UAC.)
# 단축키 칸·키 이름
hk.press	원하는 키 조합을 누르세요	Press the key combination	请按下想要的组合键	使いたいキーの組み合わせを押してください	Nhấn tổ hợp phím mong muốn
hk.none	없음	None	无	なし	Không có
key.numpad	숫자패드 {n}	Num {n}	小键盘 {n}	テンキー {n}	Bàn số {n}
key.apps	메뉴(Apps)	Menu (Apps)	菜单键 (Apps)	アプリケーション キー	Phím Menu (Apps)
# 자동 실행
as.noExe	실행 파일 경로를 확인할 수 없습니다.	Cannot determine the program file path.	无法确定程序文件路径。	実行ファイルのパスを確認できません。	Không xác định được đường dẫn tệp chương trình.
as.noStartupDir	시작 프로그램 폴더를 찾지 못해 자동 실행을 바꾸지 않았습니다.	Could not find the Startup folder, so Start with Windows was not changed.	找不到“启动”文件夹，因此未更改开机自动运行。	スタートアップ フォルダーが見つからないため、自動起動は変更していません。	Không tìm thấy thư mục Startup nên chưa thay đổi khởi động cùng Windows.
as.linkUnknown	자동 실행 상태를 확인하지 못했습니다. 시작 프로그램 폴더의 1Key 바로 가기를 읽을 수 없어 그대로 두었습니다.	Could not check Start with Windows. The 1Key shortcut in the Startup folder could not be read, so it was left as is.	无法确认开机自动运行的状态。无法读取“启动”文件夹中的 1Key 快捷方式，因此保持不变。	自動起動の状態を確認できませんでした。スタートアップ フォルダーの 1Key ショートカットを読み取れないため、そのままにしました。	Không kiểm tra được trạng thái khởi động cùng Windows. Không đọc được lối tắt 1Key trong thư mục Startup nên đã giữ nguyên.
as.linkForeign	시작 프로그램 폴더에 같은 이름의 다른 바로 가기가 있어 그대로 두었습니다: {path}	A different shortcut with the same name is in the Startup folder, so it was left as is: {path}	“启动”文件夹中有同名的其他快捷方式，因此保持不变：{path}	スタートアップ フォルダーに同じ名前の別のショートカットがあるため、そのままにしました: {path}	Thư mục Startup có một lối tắt khác cùng tên nên đã giữ nguyên: {path}
as.linkWriteFailed	시작 프로그램 폴더에 1Key 바로 가기를 만들지 못했습니다.	Could not create the 1Key shortcut in the Startup folder.	未能在“启动”文件夹中创建 1Key 快捷方式。	スタートアップ フォルダーに 1Key のショートカットを作成できませんでした。	Không tạo được lối tắt 1Key trong thư mục Startup.
as.linkDeleteFailed	시작 프로그램 폴더의 1Key 바로 가기를 지우지 못했습니다. 다시 시도하거나 작업 관리자의 시작 앱에서 1Key 를 꺼 주세요.	Could not remove the 1Key shortcut from the Startup folder. Try again, or turn off 1Key under Startup apps in Task Manager.	未能删除“启动”文件夹中的 1Key 快捷方式。请重试，或在任务管理器的“启动应用”中关闭 1Key。	スタートアップ フォルダーの 1Key ショートカットを削除できませんでした。もう一度試すか、タスク マネージャーのスタートアップ アプリで 1Key を無効にしてください。	Không xóa được lối tắt 1Key trong thư mục Startup. Hãy thử lại hoặc tắt 1Key trong Ứng dụng khởi động của Trình quản lý tác vụ.
as.stateDiffers	Windows 시작 시 실제 등록이 이 설정과 다릅니다. [저장]하면 설정대로 맞춥니다.	The actual startup entry does not match this setting. Press [Save] to make it match.	实际的开机启动登记与此设置不一致。点击[保存]即可按设置调整。	実際の自動起動の登録がこの設定と異なります。[保存] すると設定どおりに合わせます。	Mục khởi động thực tế khác với cài đặt này. Nhấn [Lưu] để khớp theo cài đặt.
as.disabledInTaskManager	작업 관리자의 시작 앱에서 1Key 가 '사용 안 함'이라 Windows 시작 때 실행되지 않습니다. 켜려면 작업 관리자에서 켜 주세요.	1Key is disabled under Startup apps in Task Manager, so it does not start with Windows. To turn it on, enable it in Task Manager.	1Key 在任务管理器的“启动应用”中已被禁用，因此不会随 Windows 启动。如需开启，请在任务管理器中启用。	タスク マネージャーのスタートアップ アプリで 1Key が無効になっているため、Windows の起動時に実行されません。有効にするにはタスク マネージャーで有効にしてください。	1Key đang bị tắt trong Ứng dụng khởi động của Trình quản lý tác vụ nên sẽ không khởi động cùng Windows. Để bật, hãy bật trong Trình quản lý tác vụ.
as.approvalUnknown	작업 관리자의 시작 앱에서 1Key 가 켜져 있는지 확인하지 못했습니다.	Could not check whether 1Key is enabled under Startup apps in Task Manager.	无法确认 1Key 在任务管理器的“启动应用”中是否已启用。	タスク マネージャーのスタートアップ アプリで 1Key が有効か確認できませんでした。	Không kiểm tra được 1Key có đang bật trong Ứng dụng khởi động của Trình quản lý tác vụ hay không.
as.legacyLeft	예전 방식의 자동 실행 등록(레지스트리 또는 작업 스케줄러)이 남아 있어, 이 설정과 관계없이 Windows 시작 때 1Key 가 실행될 수 있습니다. 1Key 설치 파일을 다시 실행하면 정리합니다. 남으면 설치 파일의 안내를 따라 주세요.	An old-style startup entry (registry or Task Scheduler) is still there, so 1Key may start with Windows regardless of this setting. Run the 1Key setup again to clean it up. If it remains, follow the setup's instructions.	旧式的开机启动登记（注册表或任务计划程序）仍然存在，因此无论此设置如何，1Key 都可能随 Windows 启动。重新运行 1Key 安装程序即可清理。如仍残留，请按照安装程序的提示操作。	旧方式の自動起動の登録（レジストリまたはタスク スケジューラ）が残っているため、この設定に関係なく Windows の起動時に 1Key が実行されることがあります。1Key のセットアップをもう一度実行すると整理します。残る場合はセットアップの案内に従ってください。	Vẫn còn mục khởi động kiểu cũ (registry hoặc Task Scheduler), nên 1Key có thể khởi động cùng Windows bất kể cài đặt này. Chạy lại trình cài đặt 1Key để dọn. Nếu vẫn còn, hãy làm theo hướng dẫn của trình cài đặt.
as.legacyUnknown	예전 방식의 자동 실행 등록이 남아 있는지 확인하지 못했습니다.	Could not check whether an old-style startup entry is still there.	无法确认是否仍有旧式开机启动登记。	旧方式の自動起動の登録が残っているか確認できませんでした。	Không kiểm tra được còn mục khởi động kiểu cũ hay không.
# 진단 보고
diag.priv	실행 권한	Privilege	运行权限	実行権限	Quyền chạy
diag.bits	비트	Bitness	位数	ビット	Số bit
diag.admin	관리자(승격)	Administrator (elevated)	管理员（已提升）	管理者（昇格）	Quản trị (đã nâng quyền)
diag.user	일반 사용자	Standard user	普通用户	標準ユーザー	Người dùng thường
diag.bit64	64비트	64-bit	64 位	64 ビット	64-bit
diag.bit32	32비트	32-bit	32 位	32 ビット	32-bit
diag.target	대상 창	Target window	目标窗口	対象ウィンドウ	Cửa sổ đích
diag.noActive	활성 창을 찾지 못했습니다.	No active window was found.	未找到活动窗口。	アクティブなウィンドウが見つかりませんでした。	Không tìm thấy cửa sổ đang hoạt động.
diag.higherProtected	이 프로그램보다 높음 (관리자 또는 보호된 프로세스)	Higher than 1Key (administrator or protected process)	高于本程序（管理员或受保护进程）	このプログラムより高い（管理者または保護されたプロセス）	Cao hơn 1Key (quản trị hoặc tiến trình được bảo vệ)
diag.higherDenied	이 프로그램보다 높음 (프로세스 접근 거부)	Higher than 1Key (process access denied)	高于本程序（拒绝访问进程）	このプログラムより高い（プロセスへのアクセス拒否）	Cao hơn 1Key (bị từ chối truy cập tiến trình)
diag.winTitle	제목	Title	标题	タイトル	Tiêu đề
diag.class	클래스	Class	类名	クラス	Lớp
diag.process	프로세스	Process	进程	プロセス	Tiến trình
diag.focus	포커스	Focus	焦点	フォーカス	Tiêu điểm
diag.verdict	판정	Result	判断	判定	Kết luận
diag.vHigher	대상 창이 1Key 보다 높은 권한으로 실행 중입니다.\nWindows 가 낮은 권한 프로그램의 키 입력을 차단(UIPI)하므로\n[관리자 권한으로 다시 시작] 을 눌러야 입력이 전달됩니다.	The target window runs with higher privileges than 1Key.\nWindows blocks key input from lower-privilege programs (UIPI),\nso use [Restart as administrator] to type into it.	目标窗口的运行权限高于 1Key。\nWindows 会阻止低权限程序的键盘输入（UIPI），\n需点击[以管理员身份重新启动]才能输入。	対象ウィンドウは 1Key より高い権限で実行されています。\nWindows は低い権限のプログラムからのキー入力を遮断する（UIPI）ため、\n[管理者として再起動] を押すと入力できるようになります。	Cửa sổ đích đang chạy với quyền cao hơn 1Key.\nWindows chặn phím nhập từ chương trình có quyền thấp hơn (UIPI),\nnên hãy dùng [Khởi động lại với quyền quản trị] để nhập được.
diag.vNoFocus	입력 포커스를 가진 컨트롤이 없습니다.\n비밀번호 칸을 먼저 클릭해 커서를 놓은 뒤 단축키를 눌러 주세요.	No control has input focus.\nClick the password field first to place the cursor, then press the shortcut.	没有拥有输入焦点的控件。\n请先点击密码框放置光标，再按快捷键。	入力フォーカスを持つコントロールがありません。\n先にパスワード欄をクリックしてカーソルを置いてから、ショートカットを押してください。	Không có điều khiển nào đang nhận nhập liệu.\nHãy bấm vào ô mật khẩu để đặt con trỏ rồi nhấn phím tắt.
diag.vOk	권한 문제는 없습니다.\n그래도 입력이 안 된다면 입력 방식을 [스캔코드] → [유니코드] →\n[창 메시지] → [클립보드] 순서로 바꿔 가며 시도해 보세요.\n키보드 보안 프로그램(nProtect, AhnLab Safe Transaction, TouchEn 등)이\n설치된 입력란은 어떤 방식으로도 자동 입력이 차단될 수 있습니다.	There is no privilege problem.\nIf typing still fails, try the input methods in this order:\n[Scan code] → [Unicode] → [Window message] → [Clipboard].\nFields protected by keyboard security software (nProtect, AhnLab Safe Transaction,\nTouchEn, etc.) may block automatic input with every method.	没有权限问题。\n如果仍无法输入，请按以下顺序更换输入方式：\n[扫描码] → [Unicode] → [窗口消息] → [剪贴板]。\n装有键盘安全程序（nProtect、AhnLab Safe Transaction、TouchEn 等）的\n输入框可能会阻止任何方式的自动输入。	権限の問題はありません。\nそれでも入力できない場合は、入力方式を\n[スキャンコード] → [Unicode] → [ウィンドウ メッセージ] → [クリップボード] の順に変えてみてください。\nキーボード保護ソフト（nProtect、AhnLab Safe Transaction、TouchEn など）が\n入っている入力欄は、どの方式でも自動入力が遮断されることがあります。	Không có vấn đề về quyền.\nNếu vẫn không nhập được, hãy thử lần lượt các cách nhập:\n[Mã quét phím] → [Unicode] → [Thông điệp cửa sổ] → [Bộ nhớ tạm].\nÔ nhập có phần mềm bảo vệ bàn phím (nProtect, AhnLab Safe Transaction,\nTouchEn…) có thể chặn nhập tự động bằng mọi cách.
# 입력 (Injector)
inj.stopped	입력을 중단했습니다.	Typing was stopped.	已中止输入。	入力を中止しました。	Đã dừng nhập.
inj.browserEnter	입력했습니다. 이 항목은 브라우저에서 Enter 를 보내지 않도록 되어 있으니, 확인한 뒤 직접 눌러 주세요.	Typed. This item does not press Enter in browsers, so check the text and press Enter yourself.	已输入。此项目设置为在浏览器中不发送 Enter，请确认后自行按 Enter。	入力しました。この項目はブラウザーでは Enter を送らない設定なので、確認してから自分で押してください。	Đã nhập. Mục này được đặt không nhấn Enter trong trình duyệt, hãy kiểm tra rồi tự nhấn Enter.
inj.noActive	활성 창을 찾을 수 없습니다.	No active window was found.	找不到活动窗口。	アクティブなウィンドウが見つかりません。	Không tìm thấy cửa sổ đang hoạt động.
inj.ownWindow	1Key 창이 앞에 있어 입력하지 않았습니다.\n내용을 넣을 다른 프로그램의 입력란을 먼저 클릭해 주세요.	Nothing was typed because the 1Key window is in front.\nFirst click the input field of the program you want to type into.	1Key 窗口在最前面，因此没有输入。\n请先点击要输入内容的其他程序的输入框。	1Key のウィンドウが前面にあるため入力しませんでした。\n先に、入力したいほかのプログラムの入力欄をクリックしてください。	Không nhập vì cửa sổ 1Key đang ở phía trước.\nHãy bấm vào ô nhập của chương trình cần nhập trước.
inj.activeChanged	단축키를 누른 뒤 활성 창이 바뀌어 입력하지 않았습니다. 입력란을 다시 클릭한 뒤 눌러 주세요.	Nothing was typed because the active window changed after the shortcut. Click the input field again, then press it.	按下快捷键后活动窗口发生了变化，因此没有输入。请重新点击输入框后再按。	ショートカットを押した後にアクティブなウィンドウが変わったため入力しませんでした。入力欄をもう一度クリックしてから押してください。	Không nhập vì cửa sổ đang hoạt động đã thay đổi sau khi nhấn phím tắt. Hãy bấm lại vào ô nhập rồi nhấn.
inj.ownCameFront	1Key 창이 앞으로 와서 입력하지 않았습니다. 입력란을 다시 클릭한 뒤 눌러 주세요.	Nothing was typed because the 1Key window came to the front. Click the input field again, then press it.	1Key 窗口来到了最前面，因此没有输入。请重新点击输入框后再按。	1Key のウィンドウが前面に来たため入力しませんでした。入力欄をもう一度クリックしてから押してください。	Không nhập vì cửa sổ 1Key đã lên phía trước. Hãy bấm lại vào ô nhập rồi nhấn.
inj.activeChangedWhile	입력하려는 사이에 활성 창이 바뀌어 입력하지 않았습니다. 입력란을 다시 클릭한 뒤 눌러 주세요.	Nothing was typed because the active window changed just before typing. Click the input field again, then press it.	准备输入时活动窗口发生了变化，因此没有输入。请重新点击输入框后再按。	入力しようとした間にアクティブなウィンドウが変わったため入力しませんでした。入力欄をもう一度クリックしてから押してください。	Không nhập vì cửa sổ đang hoạt động thay đổi ngay trước khi nhập. Hãy bấm lại vào ô nhập rồi nhấn.
inj.noFocus	입력란(커서 위치)을 확인할 수 없어 입력하지 않았습니다. 입력란을 클릭한 뒤 다시 눌러 주세요.	Nothing was typed because the input field (cursor position) could not be found. Click the input field, then press again.	无法确定输入框（光标位置），因此没有输入。请点击输入框后再按一次。	入力欄（カーソルの位置）を確認できなかったため入力しませんでした。入力欄をクリックしてからもう一度押してください。	Không nhập vì không xác định được ô nhập (vị trí con trỏ). Hãy bấm vào ô nhập rồi nhấn lại.
inj.focusMoved	단축키를 누른 뒤 커서가 다른 입력란으로 옮겨 가 입력하지 않았습니다. 입력란을 다시 클릭한 뒤 눌러 주세요.	Nothing was typed because the cursor moved to another field after the shortcut. Click the input field again, then press it.	按下快捷键后光标移到了其他输入框，因此没有输入。请重新点击输入框后再按。	ショートカットを押した後にカーソルが別の入力欄へ移ったため入力しませんでした。入力欄をもう一度クリックしてから押してください。	Không nhập vì con trỏ đã chuyển sang ô khác sau khi nhấn phím tắt. Hãy bấm lại vào ô nhập rồi nhấn.
inj.unknownMethod	알 수 없는 입력 방식입니다.	Unknown input method.	未知的输入方式。	不明な入力方式です。	Cách nhập không xác định.
inj.enterHeld	내용은 넣었지만 Enter 는 보내지 않았습니다.	The text was typed, but Enter was not pressed.	已输入内容，但未发送 Enter。	内容は入力しましたが、Enter は送っていません。	Đã nhập nội dung nhưng chưa nhấn Enter.
inj.enterSkipped	내용은 넣었지만 그 사이 잠기거나 커서 위치가 바뀌어 Enter 는 보내지 않았습니다.	The text was typed, but Enter was not pressed because 1Key locked or the cursor moved meanwhile.	已输入内容，但期间已锁定或光标位置发生变化，因此未发送 Enter。	内容は入力しましたが、その間にロックされたかカーソルの位置が変わったため Enter は送っていません。	Đã nhập nội dung nhưng không nhấn Enter vì 1Key đã khóa hoặc con trỏ đã di chuyển.
inj.enterClosed	내용은 넣었지만 Enter 를 보내지 못했습니다 (대상 창이 닫혔을 수 있습니다).	The text was typed, but Enter could not be pressed (the target window may have closed).	已输入内容，但未能发送 Enter（目标窗口可能已关闭）。	内容は入力しましたが、Enter を送れませんでした（対象ウィンドウが閉じられた可能性があります）。	Đã nhập nội dung nhưng không nhấn được Enter (cửa sổ đích có thể đã đóng).
inj.enterFailed	내용은 넣었지만 Enter 를 보내지 못했습니다.	The text was typed, but Enter could not be pressed.	已输入内容，但未能发送 Enter。	内容は入力しましたが、Enter を送れませんでした。	Đã nhập nội dung nhưng không nhấn được Enter.
inj.shiftReleaseFailed	Shift 키를 떼지 못했을 수 있어 멈췄습니다. 키보드의 Shift 키를 한 번 눌렀다 뗀 뒤 다시 해 주세요.	Stopped because the Shift key may still be held down. Press and release Shift once, then try again.	可能未能松开 Shift 键，已停止。请按一下 Shift 键再松开，然后重试。	Shift キーを離せていない可能性があるため停止しました。Shift キーを一度押して離してから、もう一度お試しください。	Đã dừng vì phím Shift có thể vẫn đang được giữ. Hãy nhấn rồi thả Shift một lần, sau đó thử lại.
inj.error	입력 중 오류가 발생했습니다: {err}	An error occurred while typing: {err}	输入时发生错误：{err}	入力中にエラーが発生しました: {err}	Đã xảy ra lỗi khi nhập: {err}
inj.layout	대상 창의 키보드 배열로 입력할 수 없는 문자가 있어 멈췄습니다. 입력 방식을 자동이나 유니코드로 바꿔 보세요.	Stopped because some characters cannot be typed with the target window's keyboard layout. Try the Auto or Unicode input method.	有无法用目标窗口的键盘布局输入的字符，已停止。请改用“自动”或“Unicode”输入方式。	対象ウィンドウのキーボード配列で入力できない文字があるため止めました。入力方式を自動か Unicode に変えてみてください。	Đã dừng vì có ký tự không nhập được bằng bố cục bàn phím của cửa sổ đích. Hãy thử cách nhập Tự động hoặc Unicode.
inj.noFocusCtl	입력 포커스를 가진 컨트롤을 찾지 못했습니다.	No control with input focus was found.	未找到拥有输入焦点的控件。	入力フォーカスを持つコントロールが見つかりませんでした。	Không tìm thấy điều khiển đang nhận nhập liệu.
inj.fieldGone	입력 도중 대상 입력란이 사라져 멈췄습니다.	Stopped because the target field disappeared while typing.	输入过程中目标输入框消失，已停止。	入力の途中で対象の入力欄がなくなったため止めました。	Đã dừng vì ô nhập đích biến mất khi đang nhập.
inj.wmFailed	창 메시지를 보내지 못해 멈췄습니다 (대상 창이 닫혔거나 메시지를 받지 않습니다).	Stopped because window messages could not be sent (the target window closed or does not accept them).	无法发送窗口消息，已停止（目标窗口已关闭或不接收消息）。	ウィンドウ メッセージを送れなかったため止めました（対象ウィンドウが閉じたか、メッセージを受け付けません）。	Đã dừng vì không gửi được thông điệp cửa sổ (cửa sổ đích đã đóng hoặc không nhận thông điệp).
inj.clipUnavailable	클립보드를 사용할 수 없습니다.	The clipboard is not available.	无法使用剪贴板。	クリップボードを使用できません。	Không dùng được bộ nhớ tạm.
inj.clipLeft	클립보드에 내용이 남아 있으니 다른 글을 하나 복사해 지워 주세요.	The content is still on the clipboard; copy some other text to clear it.	剪贴板中仍留有内容，请复制其他文字将其清除。	クリップボードに内容が残っているので、別の文字列をコピーして消してください。	Nội dung vẫn còn trong bộ nhớ tạm; hãy sao chép một đoạn văn bản khác để xóa.
inj.clipRestoreFailed	입력은 했지만 클립보드를 원래대로 되돌리지 못했습니다.	Typed, but the clipboard could not be restored.	已输入，但未能将剪贴板恢复原状。	入力はしましたが、クリップボードを元に戻せませんでした。	Đã nhập nhưng không khôi phục được bộ nhớ tạm.
inj.clipEmptied	입력했습니다. 클립보드의 원래 글은 되돌리지 못해 클립보드를 비워 두었습니다.	Typed. The original clipboard text could not be restored, so the clipboard was left empty.	已输入。未能恢复剪贴板原来的文字，已将剪贴板清空。	入力しました。クリップボードの元の文字列を戻せなかったため、クリップボードを空にしました。	Đã nhập. Không khôi phục được văn bản cũ nên bộ nhớ tạm đã được để trống.
inj.clipOther	입력했습니다. 클립보드에 있던 그림이나 파일은 되살릴 수 없어 비웠습니다.	Typed. Images or files on the clipboard cannot be restored, so the clipboard was cleared.	已输入。剪贴板中的图片或文件无法恢复，已清空。	入力しました。クリップボードにあった画像やファイルは戻せないため、空にしました。	Đã nhập. Hình ảnh hoặc tệp trong bộ nhớ tạm không khôi phục được nên đã bị xóa.
inj.clipMarker	클립보드 소유 표식을 준비하지 못해 입력하지 않았습니다.	Nothing was typed because the clipboard ownership marker could not be prepared.	未能准备剪贴板所有权标记，因此没有输入。	クリップボードの所有マークを準備できなかったため入力しませんでした。	Không nhập vì không chuẩn bị được dấu sở hữu bộ nhớ tạm.
inj.clipNoMem	메모리가 부족해 클립보드를 쓰지 않았습니다.	Not enough memory, so the clipboard was not used.	内存不足，未使用剪贴板。	メモリが不足しているため、クリップボードを使いませんでした。	Không đủ bộ nhớ nên chưa dùng bộ nhớ tạm.
inj.clipBusy	다른 프로그램이 클립보드를 쓰고 있어 입력하지 않았습니다.	Nothing was typed because another program is using the clipboard.	其他程序正在使用剪贴板，因此没有输入。	ほかのプログラムがクリップボードを使っているため入力しませんでした。	Không nhập vì chương trình khác đang dùng bộ nhớ tạm.
inj.clipReadFailed	클립보드의 글을 읽지 못해 입력하지 않았습니다. 클립보드는 그대로입니다.	Nothing was typed because the clipboard text could not be read. The clipboard is unchanged.	无法读取剪贴板中的文字，因此没有输入。剪贴板保持不变。	クリップボードの文字列を読めなかったため入力しませんでした。クリップボードはそのままです。	Không nhập vì không đọc được văn bản trong bộ nhớ tạm. Bộ nhớ tạm không thay đổi.
inj.clipNoMemKept	메모리가 부족해 클립보드를 쓰지 않았습니다. 클립보드는 그대로입니다.	Not enough memory, so the clipboard was not used. The clipboard is unchanged.	内存不足，未使用剪贴板。剪贴板保持不变。	メモリが不足しているため、クリップボードを使いませんでした。クリップボードはそのままです。	Không đủ bộ nhớ nên chưa dùng bộ nhớ tạm. Bộ nhớ tạm không thay đổi.
inj.clipEmptyFailed	클립보드를 비우지 못해 입력하지 않았습니다. 클립보드는 그대로입니다.	Nothing was typed because the clipboard could not be cleared. The clipboard is unchanged.	无法清空剪贴板，因此没有输入。剪贴板保持不变。	クリップボードを空にできなかったため入力しませんでした。クリップボードはそのままです。	Không nhập vì không xóa được bộ nhớ tạm. Bộ nhớ tạm không thay đổi.
inj.clipGuardRestored	클립보드 보호 표시(기록 제외·소유 표식)를 하지 못해 입력하지 않았습니다. 클립보드는 원래대로입니다.	Nothing was typed because the clipboard protection flags (history exclusion, ownership marker) could not be set. The clipboard was restored.	无法设置剪贴板保护标记（排除记录、所有权标记），因此没有输入。剪贴板已恢复原状。	クリップボードの保護表示（履歴除外・所有マーク）を付けられなかったため入力しませんでした。クリップボードは元のとおりです。	Không nhập vì không đặt được dấu bảo vệ bộ nhớ tạm (loại khỏi lịch sử, dấu sở hữu). Bộ nhớ tạm đã được khôi phục.
inj.clipGuardEmptied	클립보드 보호 표시(기록 제외·소유 표식)를 하지 못해 입력하지 않았습니다. 클립보드를 되돌리지 못해 클립보드가 비워졌습니다.	Nothing was typed because the clipboard protection flags (history exclusion, ownership marker) could not be set. The clipboard could not be restored and is now empty.	无法设置剪贴板保护标记（排除记录、所有权标记），因此没有输入。未能恢复剪贴板，剪贴板已被清空。	クリップボードの保護表示（履歴除外・所有マーク）を付けられなかったため入力しませんでした。クリップボードを戻せなかったため空になっています。	Không nhập vì không đặt được dấu bảo vệ bộ nhớ tạm (loại khỏi lịch sử, dấu sở hữu). Không khôi phục được nên bộ nhớ tạm đã bị xóa trống.
inj.blockedElevated	대상 창이 이 프로그램보다 높은 권한으로 실행 중이라 키 입력이 차단되었습니다.\n[관리자 권한으로 다시 시작] 을 눌러 주세요.	Key input was blocked because the target window runs with higher privileges than 1Key.\nUse [Restart as administrator].	目标窗口的运行权限高于本程序，键盘输入被阻止。\n请点击[以管理员身份重新启动]。	対象ウィンドウがこのプログラムより高い権限で実行されているため、キー入力が遮断されました。\n[管理者として再起動] を押してください。	Phím nhập bị chặn vì cửa sổ đích chạy với quyền cao hơn 1Key.\nHãy dùng [Khởi động lại với quyền quản trị].
inj.blocked	키 입력이 차단되었습니다. (오류 코드 {code})\n관리자 권한으로 다시 시작하거나, 다른 입력 방식을 선택해 보세요.	Key input was blocked. (Error code {code})\nRestart as administrator, or try a different input method.	键盘输入被阻止。（错误代码 {code}）\n请以管理员身份重新启动，或尝试其他输入方式。	キー入力が遮断されました。（エラー コード {code}）\n管理者として再起動するか、別の入力方式を選んでみてください。	Phím nhập bị chặn. (Mã lỗi {code})\nHãy khởi động lại với quyền quản trị hoặc thử cách nhập khác.
# 이미 실행 중 (Program)
prog.handoffTimeout	이전 1Key 가 10초 안에 끝나지 않아 새로 시작하지 않았습니다.\n\n트레이 아이콘이 남아 있으면 그 1Key 를 그대로 쓰거나, 종료한 뒤 다시 실행해 주세요.	The previous 1Key did not exit within 10 seconds, so a new one was not started.\n\nIf its tray icon is still there, keep using that 1Key, or exit it and run 1Key again.	之前的 1Key 未在 10 秒内退出，因此没有重新启动。\n\n如果托盘图标仍在，请继续使用该 1Key，或将其退出后重新运行。	以前の 1Key が 10 秒以内に終了しなかったため、新しく起動しませんでした。\n\nトレイ アイコンが残っていれば、その 1Key をそのまま使うか、終了してから起動し直してください。	1Key trước đó không thoát trong 10 giây nên chưa khởi động bản mới.\n\nNếu biểu tượng khay vẫn còn, hãy tiếp tục dùng 1Key đó hoặc thoát rồi chạy lại.
prog.handoffTitle	1Key - 다시 시작하지 못함	1Key - Could not restart	1Key - 无法重新启动	1Key - 再起動できません	1Key - Không khởi động lại được
prog.runningTitle	1Key - 이미 실행 중	1Key - Already running	1Key - 已在运行	1Key - 実行中です	1Key - Đang chạy
prog.noWindow	1Key 가 이미 실행 중이지만 창을 찾지 못했습니다.\n\n잠시 뒤 다시 실행해 보고, 그래도 같으면 작업 관리자(Ctrl+Shift+Esc)에서 1Key 를 끝낸 뒤 다시 시도해 주세요.	1Key is already running, but its window could not be found.\n\nTry again in a moment. If it persists, end 1Key in Task Manager (Ctrl+Shift+Esc), then try again.	1Key 已在运行，但找不到其窗口。\n\n请稍后再运行。如果仍然如此，请在任务管理器（Ctrl+Shift+Esc）中结束 1Key 后再试。	1Key はすでに実行中ですが、ウィンドウが見つかりませんでした。\n\nしばらくしてから再度起動してください。それでも同じ場合は、タスク マネージャー（Ctrl+Shift+Esc）で 1Key を終了してから再試行してください。	1Key đang chạy nhưng không tìm thấy cửa sổ.\n\nHãy thử chạy lại sau ít phút. Nếu vẫn vậy, hãy kết thúc 1Key trong Trình quản lý tác vụ (Ctrl+Shift+Esc) rồi thử lại.
prog.noAnswer	1Key 가 이미 실행 중이지만 응답하지 않습니다.\n\n잠시 뒤 다시 실행해 보고, 그래도 같으면 트레이 아이콘을 우클릭해 종료하거나\n작업 관리자(Ctrl+Shift+Esc)에서 1Key 를 끝낸 뒤 다시 시도해 주세요.	1Key is already running but is not responding.\n\nTry again in a moment. If it persists, right-click the tray icon and exit,\nor end 1Key in Task Manager (Ctrl+Shift+Esc), then try again.	1Key 已在运行，但没有响应。\n\n请稍后再运行。如果仍然如此，请右键点击托盘图标退出，\n或在任务管理器（Ctrl+Shift+Esc）中结束 1Key 后再试。	1Key はすでに実行中ですが、応答しません。\n\nしばらくしてから再度起動してください。それでも同じ場合は、トレイ アイコンを右クリックして終了するか、\nタスク マネージャー（Ctrl+Shift+Esc）で 1Key を終了してから再試行してください。	1Key đang chạy nhưng không phản hồi.\n\nHãy thử chạy lại sau ít phút. Nếu vẫn vậy, hãy bấm chuột phải vào biểu tượng khay để thoát,\nhoặc kết thúc 1Key trong Trình quản lý tác vụ (Ctrl+Shift+Esc) rồi thử lại.
prog.alreadyRunning	1Key 가 이미 실행 중입니다.\n\n작업 표시줄 오른쪽 트레이 아이콘을 이용해 주세요.\n(아이콘 클릭 → 열기 / 우클릭 → 메뉴)	1Key is already running.\n\nUse the tray icon at the right end of the taskbar.\n(Click the icon → open / right-click → menu)	1Key 已在运行。\n\n请使用任务栏右侧的托盘图标。\n（单击图标 → 打开 / 右键 → 菜单）	1Key はすでに実行中です。\n\nタスク バー右側のトレイ アイコンを使ってください。\n（アイコンをクリック → 開く / 右クリック → メニュー）	1Key đang chạy.\n\nHãy dùng biểu tượng khay ở bên phải thanh tác vụ.\n(Bấm biểu tượng → mở / chuột phải → menu)
prog.oldRunning	예전 버전의 1Key 가 실행 중인데 자동으로 종료하지 못했습니다.\n(관리자 권한으로 실행 중이면 그럴 수 있습니다.)\n\n트레이 아이콘을 우클릭해 종료하거나, 작업 관리자\n(Ctrl+Shift+Esc)에서 1Key 를 끝낸 뒤 다시 시도해 주세요.	An older 1Key is running and could not be closed automatically.\n(This can happen if it runs as administrator.)\n\nRight-click its tray icon and exit, or end 1Key in\nTask Manager (Ctrl+Shift+Esc), then try again.	旧版本的 1Key 正在运行，未能自动退出。\n（如果它以管理员身份运行，可能会这样。）\n\n请右键点击托盘图标退出，或在任务管理器\n（Ctrl+Shift+Esc）中结束 1Key 后再试。	古いバージョンの 1Key が実行中で、自動で終了できませんでした。\n（管理者として実行されている場合に起こることがあります。）\n\nトレイ アイコンを右クリックして終了するか、タスク マネージャー\n（Ctrl+Shift+Esc）で 1Key を終了してから再試行してください。	Một phiên bản 1Key cũ đang chạy và không tự thoát được.\n(Điều này có thể xảy ra nếu nó chạy với quyền quản trị.)\n\nHãy bấm chuột phải vào biểu tượng khay để thoát, hoặc kết thúc 1Key\ntrong Trình quản lý tác vụ (Ctrl+Shift+Esc) rồi thử lại.
prog.oldTitle	1Key - 기존 버전 종료 필요	1Key - Close the old version	1Key - 需要退出旧版本	1Key - 古いバージョンの終了が必要	1Key - Cần thoát phiên bản cũ
# 사이트 채우기 (브라우저, UI Automation)
edit.siteSection	사이트 채우기	Site fill	网站填充	サイト入力	Điền trên trang web
edit.siteNone	연결한 입력란 없음	No field linked	未关联输入框	リンクした入力欄なし	Chưa liên kết ô nhập
edit.siteLinked	{site} · {field}	{site} · {field}	{site} · {field}	{site} · {field}	{site} · {field}
edit.siteLink	연결	Link	关联	リンク	Liên kết
edit.siteUnlink	해제	Unlink	解除	解除	Bỏ liên kết
edit.appLinked	{exe} · {cls} {n}번째 칸	{exe} · {cls} field {n}	{exe} · 第 {n} 个 {cls}	{exe} · {cls} {n} 番目の欄	{exe} · ô {cls} thứ {n}
edit.appRelink	예전 방식의 연결입니다. 다시 연결해야 씁니다.	Linked by an older version. Link again to use it.	旧版本的关联。需要重新关联才能使用。	古い方式のリンクです。もう一度リンクすると使えます。	Liên kết theo cách cũ. Hãy liên kết lại để dùng.
edit.appTabNext	입력 1 칸에서 Tab 으로 넣습니다 (프로그램은 입력 1에만 연결)	Follows input 1 with Tab (programs link input 1 only)	从输入 1 的输入框按 Tab 填入（程序只关联输入 1）	入力 1 の欄から Tab で入力（プログラムは入力 1 だけリンク）	Nhập bằng Tab từ ô nhập 1 (chương trình chỉ liên kết ô nhập 1)
edit.siteNote	연결하면 그 칸 옆에 [채우기]가 뜹니다. 단축키·[채우기]는 연결한 페이지·프로그램을 찾아 그 칸에만 넣고, 열려 있지 않으면 넣지 않습니다.	Once linked, a [Fill] button appears next to the field. The shortcut and [Fill] type only into the linked page or program, and nothing if it is not open.	关联后，该输入框旁会出现 [填充]。快捷键和 [填充] 只在关联的页面或程序中输入，未打开时不输入。	リンクすると、その欄の横に [入力] が表示されます。ショートカットと [入力] はリンクしたページ・プログラムにだけ入力し、開いていなければ入力しません。	Sau khi liên kết, nút [Điền] hiện cạnh ô đó. Phím tắt và [Điền] chỉ nhập vào trang hoặc chương trình đã liên kết, và không nhập gì nếu chưa mở.
edit.mode	용도	Use	用途	用途	Mục đích
edit.segCursor	커서 자리	Cursor	光标处	カーソル位置	Con trỏ
edit.segLink	사이트·앱 연결	Linked site/app	关联网站·程序	サイト・アプリ連携	Liên kết trang/ứng dụng
edit.enterLabel	Enter 전송	Send Enter	发送 Enter	Enter 送信	Gửi Enter
edit.enterNo	안함	Off	不发送	送信しない	Không gửi
edit.enterYes	전송	Send	发送	送信	Gửi
edit.enterNotBrowser	브라우저 제외 전송	Send except browsers	除浏览器外发送	ブラウザー以外で送信	Gửi trừ trình duyệt
edit.advDefault	기본값	Default	默认	既定	Mặc định
edit.addInputTip	입력 추가(아이디·비밀번호처럼 칸을 여러 개)	Add an input (several fields, like ID and password)	添加输入（多个字段，如账号和密码）	入力を追加（ID とパスワードのように複数の欄）	Thêm ô nhập (nhiều ô, như ID và mật khẩu)
edit.modeCursor	커서 위치에 입력	The field with the cursor	光标所在的输入框	カーソルのある欄	Ô đang có con trỏ
edit.modeLink	사이트·프로그램 채우기	A linked site or program field	关联的网站或程序输入框	リンクしたサイト・プログラムの欄	Ô của trang hoặc chương trình đã liên kết
edit.modeCursorNote	어느 창이든 커서가 있는 칸에 넣습니다. 연결할 필요가 없습니다.	Types into the field with the cursor, in any window. No linking needed.	在任意窗口中输入到光标所在的输入框。无需关联。	どのウィンドウでもカーソルのある欄に入力します。リンクは不要です。	Nhập vào ô đang có con trỏ ở bất kỳ cửa sổ nào. Không cần liên kết.
edit.modeCursorMulti	어느 창이든 커서가 있는 칸부터 넣습니다. 칸마다 글을 지우고 넣은 뒤 Tab 으로 다음 칸에 갑니다. 연결할 필요가 없습니다.	Starts at the field with the cursor, in any window: clears each field, types the input and presses Tab to move on. No linking needed.	在任意窗口中从光标所在的输入框开始：逐个清空并输入，然后按 Tab 到下一个。无需关联。	どのウィンドウでもカーソルのある欄から入力します。欄ごとに文字を消して入力し、Tab で次の欄へ移ります。リンクは不要です。	Bắt đầu từ ô có con trỏ ở bất kỳ cửa sổ nào: xóa từng ô, nhập rồi nhấn Tab sang ô tiếp theo. Không cần liên kết.
edit.modeLinkNote	[연결]을 누르고 브라우저에서 아이디 칸을 클릭한 뒤 칩의 [연결]을 누르면 비밀번호 칸도 함께 찾습니다. 단축키·[채우기]는 그 페이지의 칸에만 넣고, 열려 있지 않으면 넣지 않습니다.	Press [Link], click the ID field in the browser, then [Link] on the chip — the password field is found too. The shortcut and [Fill] type only into those fields; if the page is not open, nothing is typed.	按 [关联]，在浏览器中点击账号输入框，再按提示条上的 [关联]，即可一并找到密码输入框。快捷键和 [填充] 只在这些输入框中输入；页面未打开时不输入。	[リンク] を押し、ブラウザーで ID 欄をクリックしてチップの [リンク] を押すと、パスワード欄も一緒に見つけます。ショートカットと [入力] はその欄にだけ入力し、ページが開いていなければ入力しません。	Nhấn [Liên kết], nhấp vào ô ID trong trình duyệt rồi nhấn [Liên kết] trên thẻ — ô mật khẩu cũng được tìm luôn. Phím tắt và [Điền] chỉ nhập vào các ô đó; nếu trang chưa mở thì không nhập.
edit.modeDropLinks	"커서 자리"로 바꾸면 이 항목의 연결이 지워집니다. 바꿀까요?	Switching to "Cursor" removes this item's links. Switch?	切换到“光标处”会删除此项目的关联。要切换吗？	「カーソル位置」に切り替えると、この項目のリンクが消えます。切り替えますか?	Chuyển sang "Con trỏ" sẽ xóa các liên kết của mục này. Chuyển không?
edit.needLinks	"사이트·앱 연결"은 입력마다 [연결]로 칸을 정해야 저장할 수 있습니다(프로그램은 입력 1만). 연결 없이 쓰려면 "용도"를 "커서 자리"로 바꾸세요.	For "Linked site/app", link each input with [Link] before saving (for a program, input 1 only). To use it without links, set "Use" to "Cursor".	“关联网站·程序”需在保存前用 [关联] 为每个输入选择输入框（程序只需输入 1）。如不使用关联，请将“用途”改为“光标处”。	「サイト・アプリ連携」は、保存前に入力ごとに [リンク] で欄を決めてください（プログラムは入力 1 だけ）。リンクなしで使うには「用途」を「カーソル位置」にしてください。	"Liên kết trang/ứng dụng" cần liên kết từng ô nhập bằng [Liên kết] trước khi lưu (chương trình chỉ ô nhập 1). Để dùng không liên kết, hãy đặt "Mục đích" thành "Con trỏ".
edit.linkedEnter	채운 뒤 Enter 를 누릅니다. 결재·이체처럼 중요한 업무는 Enter 를 끄고 제출은 직접 누르는 것을 권합니다.	Then it presses Enter. For important work such as approvals or transfers, consider turning Enter off and submitting yourself.	填完后按 Enter。审批、转账等重要业务建议关闭 Enter，由您自己提交。	入力後に Enter を押します。決裁・振込など重要な業務では Enter をオフにして、送信はご自身で押すことをおすすめします。	Sau đó nhấn Enter. Với việc quan trọng như phê duyệt hay chuyển tiền, nên tắt Enter và tự bấm gửi.
edit.linkedNoEnter	Enter 는 누르지 않습니다.	It does not press Enter.	不按 Enter。	Enter は押しません。	Không nhấn Enter.
edit.allowClick	칸에 커서가 안 들어가면 직접 클릭하기	Click the field if the cursor does not go in	光标无法进入时直接点击输入框	カーソルが入らないときは欄をクリック	Bấm vào ô nếu con trỏ không vào được
chip.pairAskId	비밀번호 칸을 연결했습니다. 이제 아이디 칸을 클릭한 뒤 [연결]을 누르세요.	Password field linked. Now click the ID field and press [Link].	已关联密码输入框。现在请点击账号输入框，然后按 [关联]。	パスワード欄をリンクしました。次に ID 欄をクリックして [リンク] を押してください。	Đã liên kết ô mật khẩu. Bây giờ hãy nhấp vào ô ID rồi nhấn [Liên kết].
chip.stepId	① 브라우저에서 아이디 칸을 클릭한 뒤 [연결]	① Click the ID field in the browser, then [Link]	① 在浏览器中点击账号输入框，然后按 [关联]	① ブラウザーで ID 欄をクリックして [リンク]	① Nhấp vào ô ID trong trình duyệt rồi nhấn [Liên kết]
chip.stepIdNext	② 이제 아이디 칸을 클릭한 뒤 [연결]	② Now click the ID field, then [Link]	② 现在点击账号输入框，然后按 [关联]	② 次に ID 欄をクリックして [リンク]	② Bây giờ nhấp vào ô ID rồi nhấn [Liên kết]
chip.stepPw	② 비밀번호 칸이 맞는지 확인한 뒤 [연결] (커서를 옮겨 두었습니다. 아니면 비밀번호 칸을 클릭)	② Check it is the password field, then [Link] (the cursor was moved there; otherwise click the password field)	② 确认是密码输入框后按 [关联]（已移动光标；否则请点击密码输入框）	② パスワード欄であることを確認して [リンク]（カーソルを移動しました。違う場合はパスワード欄をクリック）	② Kiểm tra đúng ô mật khẩu rồi nhấn [Liên kết] (đã chuyển con trỏ; nếu không, hãy nhấp vào ô mật khẩu)
chip.stepIdDone	아이디 칸 · {what}	ID field · {what}	账号输入框 · {what}	ID 欄 · {what}	Ô ID · {what}
chip.stepPwDone	비밀번호 칸 · {what}	Password field · {what}	密码输入框 · {what}	パスワード欄 · {what}	Ô mật khẩu · {what}
chip.stepDone	연결 완료	Linked	已关联	リンク済み	Đã liên kết
chip.stepSameAsId	아이디 칸과 같은 칸입니다. 비밀번호 칸을 클릭한 뒤 [연결]하세요. 같은 칸이 맞으면 [연결]을 한 번 더 누르세요.	This is the same field as the ID. Click the password field, then [Link]. If it really is the same field, press [Link] again.	这与账号是同一个输入框。请点击密码输入框后按 [关联]。如确实是同一个，请再按一次 [关联]。	ID と同じ欄です。パスワード欄をクリックしてから [リンク] を押してください。同じ欄で正しければもう一度 [リンク] を押してください。	Đây là cùng ô với ID. Hãy nhấp vào ô mật khẩu rồi nhấn [Liên kết]. Nếu đúng là cùng ô, hãy nhấn [Liên kết] lần nữa.
chip.stepSameAsPw	비밀번호 칸과 같은 칸입니다. 아이디 칸을 클릭한 뒤 [연결]하세요. 같은 칸이 맞으면 [연결]을 한 번 더 누르세요.	This is the same field as the password. Click the ID field, then [Link]. If it really is the same field, press [Link] again.	这与密码是同一个输入框。请点击账号输入框后按 [关联]。如确实是同一个，请再按一次 [关联]。	パスワードと同じ欄です。ID 欄をクリックしてから [リンク] を押してください。同じ欄で正しければもう一度 [リンク] を押してください。	Đây là cùng ô với mật khẩu. Hãy nhấp vào ô ID rồi nhấn [Liên kết]. Nếu đúng là cùng ô, hãy nhấn [Liên kết] lần nữa.
chip.pairAskPassword	아이디 칸을 연결했습니다. 이제 비밀번호 칸을 클릭한 뒤 [연결]을 누르세요.	ID field linked. Now click the password field and press [Link].	已关联账号输入框。现在请点击密码输入框，然后按 [关联]。	ID 欄をリンクしました。次にパスワード欄をクリックして [リンク] を押してください。	Đã liên kết ô ID. Bây giờ hãy nhấp vào ô mật khẩu rồi nhấn [Liên kết].
edit.pairLinked	연결했습니다: 아이디 → {id} / 비밀번호 → {pw}	Linked: ID → {id} / password → {pw}	已关联：账号 → {id} / 密码 → {pw}	リンクしました: ID → {id} / パスワード → {pw}	Đã liên kết: ID → {id} / mật khẩu → {pw}
edit.advancedSet	설정 있음	customized	已自定义	設定あり	đã tùy chỉnh
edit.perInputTip	보통은 입력 1 의 [연결] 한 번으로 아이디·비밀번호 칸을 함께 찾습니다. 짝이 틀렸거나 특별한 화면일 때만 켜고 입력마다 [연결]을 누르세요.	Normally one [Link] on input 1 finds both the ID and password fields. Turn this on only if the pair is wrong or the page is unusual, then press [Link] on each input.	通常在输入 1 上按一次 [关联] 即可同时找到账号和密码输入框。仅当配对错误或页面特殊时才打开，并在每个输入上按 [关联]。	通常は入力 1 の [リンク] を一度押すだけで ID とパスワードの欄を一緒に見つけます。組み合わせが違うときや特殊な画面のときだけオンにして、入力ごとに [リンク] を押してください。	Thông thường chỉ cần nhấn [Liên kết] một lần ở ô nhập 1 là tìm được cả ô ID và mật khẩu. Chỉ bật khi ghép sai hoặc trang đặc biệt, rồi nhấn [Liên kết] ở từng ô nhập.
edit.perInput	입력마다 따로 연결	Link each input separately	为每个输入分别关联	入力ごとに個別にリンク	Liên kết riêng từng ô nhập
edit.allowClickTip	다른 방법으로 커서가 칸에 들어가지 않을 때 그 칸을 화면에서 직접 누릅니다. 화면이 알려 주는 위치가 어긋나면 다른 버튼(예: 로그인·비밀번호 찾기)이 눌릴 수 있어 새 항목은 꺼져 있습니다. Nexacro 화면이나 화면 종류를 알 수 없을 때는 켜 두어도 누르지 않습니다.	When the cursor cannot be put into the field otherwise, 1Key clicks the field on screen. If the page reports a wrong position another button (e.g. Log in, Find password) may be clicked, so it is off for new items. On Nexacro pages or when the page type is unknown it never clicks, even when on.	无法用其他方法将光标放入输入框时，在屏幕上直接点击该输入框。页面报告的位置有偏差时可能点到其他按钮（如登录、找回密码），因此新项目默认关闭。在 Nexacro 页面或无法判断页面类型时，即使开启也不会点击。	他の方法で欄にカーソルが入らないとき、その欄を画面上で直接クリックします。画面が伝える位置がずれると別のボタン（ログイン・パスワード検索など）が押されることがあるため、新しい項目ではオフです。Nexacro 画面や画面の種類が分からないときは、オンでもクリックしません。	Khi không đưa được con trỏ vào ô bằng cách khác, 1Key nhấp trực tiếp vào ô trên màn hình. Nếu trang báo sai vị trí, có thể nhấp nhầm nút khác (vd: Đăng nhập, Tìm mật khẩu) nên mục mới mặc định tắt. Trên trang Nexacro hoặc khi không xác định được loại trang thì không nhấp dù đang bật.
site.fieldPassword	비밀번호 칸 {n}	password field {n}	密码框 {n}	パスワード欄 {n}	ô mật khẩu {n}
site.fieldText	입력란 {n}	field {n}	输入框 {n}	入力欄 {n}	ô nhập {n}
site.fieldSole	이 페이지의 유일한 칸	the only one on the page	页面上唯一的输入框	ページで唯一の欄	ô duy nhất trên trang
chip.linkTitle	입력란 연결 · {name}	Link a field · {name}	关联输入框 · {name}	入力欄のリンク · {name}	Liên kết ô nhập · {name}
chip.linkHint	브라우저에서 넣을 칸을 클릭한 뒤 [연결]	Click the field in the browser, then [Link]	在浏览器中点击目标输入框后按[关联]	ブラウザーで入力先をクリックして [リンク]	Bấm vào ô cần nhập trong trình duyệt rồi bấm [Liên kết]
chip.linkNotBrowser	브라우저(Chrome·Edge) 페이지의 입력란을 클릭한 뒤 다시 누르세요.	Click an input field on a browser page (Chrome, Edge), then press again.	请点击浏览器（Chrome、Edge）页面中的输入框，然后再按一次。	ブラウザー（Chrome・Edge）のページの入力欄をクリックしてから、もう一度押してください。	Hãy bấm vào ô nhập trên trang của trình duyệt (Chrome, Edge) rồi bấm lại.
chip.linkFailed	이 입력란을 읽지 못했습니다. 페이지 안의 입력란을 클릭한 뒤 다시 누르세요.	Could not read this field. Click an input field inside the page, then press again.	无法读取此输入框。请点击页面内的输入框后再按一次。	この入力欄を読み取れませんでした。ページ内の入力欄をクリックしてから、もう一度押してください。	Không đọc được ô này. Hãy bấm vào một ô nhập trong trang rồi bấm lại.
chip.linkBadUrl	http·https 주소의 페이지만 연결할 수 있습니다.	Only pages with http or https addresses can be linked.	只能关联 http 或 https 地址的页面。	リンクできるのは http・https のアドレスのページだけです。	Chỉ liên kết được trang có địa chỉ http hoặc https.
chip.linkNoIdentity	이 입력란은 페이지가 이름·ID 를 알려 주지 않고 같은 종류의 칸이 여러 개라, 다음에 같은 칸을 찾을 수 없어 연결하지 않았습니다.	This field has no name or ID from the page and there are several fields of this kind, so it could not be found again. Not linked.	页面未提供此输入框的名称或 ID，且同类输入框有多个，以后无法找到同一个，因此未关联。	この入力欄はページが名前や ID を伝えておらず、同じ種類の欄が複数あるため、次に同じ欄を見つけられません。リンクしませんでした。	Trang không cho biết tên hay ID của ô này và có nhiều ô cùng loại, nên lần sau không tìm lại được. Chưa liên kết.
chip.appOnlyFirst	프로그램 칸은 입력 1에만 연결합니다. 나머지 입력은 그 칸에서 Tab 으로 넘어가 넣습니다.	In a program only input 1 is linked to a field; the other inputs follow with Tab from there.	程序中只把输入 1 关联到输入框；其他输入会从那里按 Tab 依次填入。	プログラムでは入力 1 だけを欄にリンクします。ほかの入力はそこから Tab で移って入れます。	Trong chương trình, chỉ ô nhập 1 được liên kết; các mục khác được nhập tiếp bằng Tab từ ô đó.
chip.appNotField	이 칸은 연결할 수 없습니다. 프로그램의 입력칸(아이디 칸)을 클릭한 뒤 다시 누르세요.	This cannot be linked. Click the program's input field (the ID field) and press again.	无法关联此处。请点击程序的输入框（ID 框）后再按。	ここはリンクできません。プログラムの入力欄（ID 欄）をクリックしてからもう一度押してください。	Không thể liên kết chỗ này. Hãy bấm vào ô nhập của chương trình (ô ID) rồi nhấn lại.
fill.button	채우기	Fill	填充	入力	Điền
fill.clickMissed	입력란을 눌렀지만 커서가 그 칸에 들어가지 않아 멈췄습니다. 화면이 알려 준 칸 위치가 실제와 달랐을 수 있습니다. 칸을 직접 클릭한 뒤 다시 해 주세요.	Clicked the field but the cursor did not go into it, so filling stopped. The page may have reported a wrong position for the field. Click the field yourself and try again.	已点击输入框但光标没有进入，已停止。页面报告的输入框位置可能与实际不符。请先手动点击输入框后重试。	入力欄をクリックしましたがカーソルが入らなかったため停止しました。画面が伝えた欄の位置が実際と違っていた可能性があります。欄を自分でクリックしてからもう一度お試しください。	Đã nhấp vào ô nhưng con trỏ không vào được nên đã dừng. Trang có thể báo sai vị trí ô. Hãy tự nhấp vào ô rồi thử lại.
fill.tip	1Key: {names} 넣기	1Key: type {names}	1Key：输入 {names}	1Key: {names} を入力	1Key: nhập {names}
fill.tipEnter	1Key: {names} 넣고 Enter	1Key: type {names}, then press Enter	1Key：输入 {names} 后按 Enter	1Key: {names} を入力して Enter	1Key: nhập {names} rồi nhấn Enter
fill.locked	잠금 상태입니다. 잠금을 해제한 뒤 [채우기]를 다시 누르세요.	1Key is locked. Unlock it, then press [Fill] again.	当前处于锁定状态。请解锁后再点击[填充]。	ロック中です。ロックを解除してから [入力] をもう一度押してください。	1Key đang khóa. Hãy mở khóa rồi bấm [Điền] lại.
fill.pageChanged	페이지 주소가 바뀌어 채우지 않았습니다.	Nothing was filled because the page address changed.	页面地址已变化，未填充。	ページのアドレスが変わったため入力しませんでした。	Không điền vì địa chỉ trang đã thay đổi.
fill.notFound	연결한 입력란을 이 페이지에서 찾지 못했습니다. 페이지가 바뀌었다면 항목 편집에서 다시 연결해 주세요.	The linked field was not found on this page. If the page has changed, link the field again in the item's edit screen.	在此页面上未找到关联的输入框。如果页面已更改，请在项目编辑中重新关联。	リンクした入力欄がこのページで見つかりませんでした。ページが変わった場合は、項目の編集でリンクし直してください。	Không tìm thấy ô đã liên kết trên trang này. Nếu trang đã thay đổi, hãy liên kết lại trong màn hình sửa mục.
fill.focusFailed	입력란으로 커서를 옮기지 못해 채우지 않았습니다. [채우기]를 한 번 더 누르거나 그 칸을 한 번 클릭한 뒤 다시 해 주세요. 그래도 안 되면 페이지를 새로고침(F5)한 뒤 다시 해 주세요.	Nothing was filled because the cursor could not be moved to the field. Press [Fill] once more, or click the field once and try again. If it still does not work, reload the page (F5) and try again.	无法将光标移到输入框，未填充。请再按一次 [填充]，或先点击该输入框一次后重试。如仍不行，请刷新页面（F5）后重试。	入力欄へカーソルを移せなかったため入力しませんでした。もう一度 [入力] を押すか、その欄を一度クリックしてからもう一度お試しください。それでもだめならページを再読み込み（F5）してからお試しください。	Không điền vì không đưa được con trỏ vào ô nhập. Hãy nhấn [Điền] thêm một lần, hoặc nhấp vào ô đó một lần rồi thử lại. Nếu vẫn không được, hãy tải lại trang (F5) rồi thử lại.
fill.browserList	브라우저의 저장된 로그인 목록이 열려 있어 채우지 않았습니다. 목록을 닫은 뒤(Esc) 아이디 칸을 한 번 클릭하고 다시 해 주세요.	The browser's saved-login list is open, so nothing was filled. Close the list (Esc), click the ID field once and try again.	浏览器的已保存登录列表已打开，未填写。请关闭列表（Esc），点击一次账号输入框后重试。	ブラウザーの保存済みログインの一覧が開いているため入力しませんでした。一覧を閉じて（Esc）ID 欄を一度クリックしてからもう一度お試しください。	Danh sách đăng nhập đã lưu của trình duyệt đang mở nên chưa điền. Hãy đóng danh sách (Esc), nhấp vào ô ID một lần rồi thử lại.
fill.busy	다른 입력이 끝나지 않아 채우지 않았습니다. 잠시 뒤 다시 누르세요.	Another input is still running, so nothing was filled. Press again in a moment.	另一次输入尚未结束，未填充。请稍后再按。	別の入力が終わっていないため入力しませんでした。少ししてからもう一度押してください。	Một lần nhập khác chưa xong nên chưa điền. Hãy bấm lại sau giây lát.
fill.duplicate	같은 입력란에 항목이 둘 이상 연결되어 있어 채우지 않았습니다. 항목 편집에서 하나만 남겨 주세요.	Nothing was filled because two or more items are linked to the same field. Keep only one link in the item edit screens.	同一个输入框关联了两个以上的项目，未填充。请在项目编辑中只保留一个关联。	同じ入力欄に複数の項目がリンクされているため入力しませんでした。項目の編集で 1 つだけ残してください。	Không điền vì có từ hai mục trở lên liên kết cùng một ô. Hãy chỉ giữ một liên kết trong màn hình sửa mục.
fill.timeout	채우기가 15초 안에 끝나지 않아 멈췄습니다. 일부 글자가 이미 들어갔을 수 있으니 입력란을 확인해 주세요.	Filling stopped because it did not finish within 15 seconds. Some characters may already have been typed; please check the field.	填充未在 15 秒内完成，已停止。可能已输入部分字符，请检查输入框。	入力が 15 秒以内に終わらなかったため止めました。一部の文字がすでに入力されている可能性があるので、入力欄を確認してください。	Đã dừng điền vì không xong trong 15 giây. Có thể một số ký tự đã được nhập, hãy kiểm tra ô nhập.
fill.pageNotOpen	{name}: 연결한 페이지({site})를 띄운 브라우저 창이 없어 넣지 않았습니다. 그 페이지를 열고(다른 탭에 있으면 그 탭을 눌러 앞으로) 다시 누르세요.	{name}: no browser window shows the linked page ({site}), so nothing was typed. Open that page (if it is in another tab, click that tab) and press again.	{name}：没有显示关联页面（{site}）的浏览器窗口，因此未输入。请打开该页面（如在其他标签页，请先点击该标签页）后再按。	{name}: リンクしたページ（{site}）を表示しているブラウザーのウィンドウがないため、入力しませんでした。そのページを開き（別のタブならそのタブをクリック）、もう一度押してください。	{name}: không có cửa sổ trình duyệt nào đang hiện trang đã liên kết ({site}) nên chưa nhập gì. Hãy mở trang đó (nếu ở tab khác thì bấm vào tab đó) rồi nhấn lại.
fill.pageNotFront	{name}: 연결한 페이지 창을 앞으로 가져오지 못해 넣지 않았습니다. 그 창을 클릭한 뒤 다시 누르세요.	{name}: the window with the linked page could not be brought to the front, so nothing was typed. Click that window and press again.	{name}：无法将关联页面的窗口切换到前台，因此未输入。请点击该窗口后再按。	{name}: リンクしたページのウィンドウを前面に出せなかったため、入力しませんでした。そのウィンドウをクリックしてからもう一度押してください。	{name}: không đưa được cửa sổ có trang đã liên kết lên trước nên chưa nhập gì. Hãy bấm vào cửa sổ đó rồi nhấn lại.
fill.fieldsNotFound	{name}: 연결한 페이지는 열려 있지만 연결한 칸을 모두 찾지 못해 넣지 않았습니다. 로그인 화면이 보이는지 확인하세요.	{name}: the linked page is open but not all linked fields were found, so nothing was typed. Check that the login screen is showing.	{name}：关联页面已打开，但未找到所有关联的输入框，因此未输入。请确认显示的是登录画面。	{name}: リンクしたページは開いていますが、リンクした欄がすべては見つからないため、入力しませんでした。ログイン画面が表示されているか確認してください。	{name}: trang đã liên kết đang mở nhưng không tìm thấy đủ các ô đã liên kết nên chưa nhập gì. Hãy kiểm tra màn hình đăng nhập đang hiện.
fill.appNotOpen	{name}: 연결한 프로그램({exe}) 창이 없어 넣지 않았습니다. 프로그램을 연 뒤 다시 누르세요.	{name}: the linked program ({exe}) has no window open, so nothing was typed. Open the program and press again.	{name}：关联的程序（{exe}）没有打开窗口，因此未输入。请打开程序后再按。	{name}: リンクしたプログラム（{exe}）のウィンドウがないため、入力しませんでした。プログラムを開いてからもう一度押してください。	{name}: chương trình đã liên kết ({exe}) chưa mở cửa sổ nên chưa nhập gì. Hãy mở chương trình rồi nhấn lại.
fill.appFieldNotFound	{name}: 프로그램에서 연결한 칸을 확실히 찾지 못해 넣지 않았습니다. 로그인 화면에서 아이디 칸을 한 번 누른 뒤 다시 누르세요.	{name}: the linked field could not be identified in the program, so nothing was typed. Click the ID field on the login screen once and press again.	{name}：无法在程序中确认关联的输入框，因此未输入。请在登录画面点击一次 ID 框后再按。	{name}: プログラムでリンクした欄を確認できないため、入力しませんでした。ログイン画面で ID 欄を一度クリックしてからもう一度押してください。	{name}: không xác định được ô đã liên kết trong chương trình nên chưa nhập gì. Hãy bấm vào ô ID trên màn hình đăng nhập một lần rồi nhấn lại.
fill.appRelink	{name}: 예전 방식의 프로그램 연결이라 넣지 않았습니다. 편집 화면에서 입력 1 을 다시 연결해 주세요.	{name}: this program link was made by an older version, so nothing was typed. Link input 1 again in the edit screen.	{name}：这是旧版本的程序关联，因此未输入。请在编辑画面重新关联输入 1。	{name}: 古い方式のプログラムリンクのため、入力しませんでした。編集画面で入力 1 をもう一度リンクしてください。	{name}: liên kết chương trình này theo cách cũ nên chưa nhập gì. Hãy liên kết lại ô nhập 1 trong màn hình chỉnh sửa.
fill.appPathChanged	{name}: 열린 프로그램의 위치가 연결할 때와 달라 넣지 않았습니다. 연결: {old} / 지금: {now}. 맞는 프로그램이면 편집 화면에서 다시 연결해 주세요.	{name}: the open program is in a different location from the linked one, so nothing was typed. Linked: {old} / now: {now}. If it is the right program, link it again in the edit screen.	{name}：打开的程序位置与关联时不同，因此未输入。关联：{old} / 现在：{now}。如果是正确的程序，请在编辑画面重新关联。	{name}: 開いているプログラムの場所がリンク時と違うため、入力しませんでした。リンク: {old} / 現在: {now}。正しいプログラムなら編集画面でもう一度リンクしてください。	{name}: vị trí chương trình đang mở khác với lúc liên kết nên chưa nhập gì. Đã liên kết: {old} / hiện tại: {now}. Nếu đúng chương trình, hãy liên kết lại trong màn hình chỉnh sửa.
fill.appFocusFailed	{name}: 연결한 칸으로 커서를 옮기지 못해 넣지 않았습니다. 그 칸이 화면에 보이는지 확인하세요. 프로그램이 업데이트되어 화면이 바뀌었으면 항목 편집에서 [연결]을 다시 해 주세요.	{name}: the cursor could not be moved to the linked field, so nothing was typed. Check that the field is visible. If the program was updated and its screen changed, link the field again in the item editor ([Link]).	{name}：无法将光标移到关联的输入框，因此未输入。请确认该输入框在屏幕上可见。如果程序已更新、画面已改变，请在项目编辑中重新 [关联]。	{name}: リンクした欄にカーソルを移せなかったため、入力しませんでした。その欄が画面に見えているか確認してください。プログラムの更新で画面が変わった場合は、項目の編集で [リンク] をやり直してください。	{name}: không đưa được con trỏ vào ô đã liên kết nên chưa nhập gì. Hãy kiểm tra ô đó có hiện trên màn hình không. Nếu chương trình đã cập nhật và màn hình thay đổi, hãy [Liên kết] lại trong phần sửa mục.
fill.linksIncomplete	{name}: 사이트 연결이 일부 입력에만 되어 있어 넣지 않았습니다. 편집 화면에서 모든 입력을 같은 페이지에 연결하거나 연결을 모두 해제하세요.	{name}: only some inputs are linked to the site, so nothing was typed. In the edit screen, link every input to the same page or remove all links.	{name}：只有部分输入关联了网站，因此未输入。请在编辑画面中把所有输入关联到同一页面，或全部解除关联。	{name}: サイトへのリンクが一部の入力だけなので、入力しませんでした。編集画面ですべての入力を同じページにリンクするか、リンクをすべて解除してください。	{name}: chỉ một số mục được liên kết với trang nên chưa nhập gì. Trong màn hình chỉnh sửa, hãy liên kết mọi mục với cùng một trang hoặc bỏ hết liên kết.
fill.pageMany	{name}: 연결한 페이지를 띄운 브라우저 창이 여러 개라 어느 창인지 정할 수 없어 넣지 않았습니다. 넣을 창을 앞에 두고 다시 누르세요.	{name}: several browser windows show the linked page, so 1Key cannot tell which one; nothing was typed. Bring the window you want to the front and press again.	{name}：有多个浏览器窗口显示关联页面，无法确定是哪一个，因此未输入。请把要输入的窗口放到最前面后再按。	{name}: リンクしたページを表示しているブラウザーのウィンドウが複数あり、どれか決められないため入力しませんでした。入力したいウィンドウを前面にしてからもう一度押してください。	{name}: có nhiều cửa sổ trình duyệt đang hiện trang đã liên kết nên không xác định được cửa sổ nào; chưa nhập gì. Hãy đưa cửa sổ muốn nhập lên trước rồi nhấn lại.
fill.appMany	{name}: 연결한 프로그램 창이 여러 개라 어느 창인지 정할 수 없어 넣지 않았습니다. 넣을 창을 앞에 두고 다시 누르세요.	{name}: several windows of the linked program are open, so 1Key cannot tell which one; nothing was typed. Bring the window you want to the front and press again.	{name}：关联的程序打开了多个窗口，无法确定是哪一个，因此未输入。请把要输入的窗口放到最前面后再按。	{name}: リンクしたプログラムのウィンドウが複数あり、どれか決められないため入力しませんでした。入力したいウィンドウを前面にしてからもう一度押してください。	{name}: chương trình đã liên kết đang mở nhiều cửa sổ nên không xác định được cửa sổ nào; chưa nhập gì. Hãy đưa cửa sổ muốn nhập lên trước rồi nhấn lại.
adv.siteRow	브라우저 입력란 읽기 확인	Check browser fields	检查浏览器输入框	ブラウザーの入力欄の確認	Kiểm tra ô nhập của trình duyệt
adv.fillLogRow	최근 채우기 결과	Recent fill results	最近的填充结果	最近の入力結果	Kết quả điền gần đây
adv.usage	사용량	Resource use	资源占用	使用量	Mức sử dụng
adv.usageCpu	CPU	CPU	CPU	CPU	CPU
adv.usageRam	메모리(RAM)	Memory (RAM)	内存 (RAM)	メモリ (RAM)	Bộ nhớ (RAM)
adv.usageMeasuring	측정 중…	Measuring…	测量中…	測定中…	Đang đo…
adv.usageFooter	1Key 프로그램 하나만의 값이며 1초마다 바뀝니다. CPU는 모든 코어를 합친 비율(작업 관리자와 같은 기준), 메모리는 작업 집합입니다.	1Key's own process only, updated every second. CPU is the share of all cores (as in Task Manager); memory is the working set.	仅为 1Key 自身进程的数值，每秒更新。CPU 为全部核心合计的比例（与任务管理器相同），内存为工作集。	1Key のプロセスだけの値で、1 秒ごとに更新します。CPU は全コア合計の割合（タスク マネージャーと同じ基準）、メモリはワーキング セットです。	Chỉ của riêng tiến trình 1Key, cập nhật mỗi giây. CPU là tỷ lệ trên tất cả các lõi (như Trình quản lý tác vụ); bộ nhớ là working set.
diag.fillLogEmpty	1Key 를 켠 뒤 아직 채우기 기록이 없습니다.	No fills since 1Key started.	1Key 启动以来还没有填充记录。	1Key の起動後、入力の記録はまだありません。	Chưa có lần điền nào kể từ khi 1Key khởi động.
diag.fillLogNote	최근 20건까지 보이며, 1Key 를 끄면 사라집니다. 입력한 값·아이디·비밀번호·항목 이름·주소는 남기지 않습니다.	Shows up to 20 recent fills and is cleared when 1Key exits. Typed values, IDs, passwords, item names and addresses are never kept.	最多显示最近 20 条，退出 1Key 后清除。不保留输入的值、账号、密码、项目名称和地址。	最近 20 件まで表示し、1Key を終了すると消えます。入力した値・ID・パスワード・項目名・アドレスは残しません。	Hiển thị tối đa 20 lần gần nhất, xóa khi thoát 1Key. Không lưu giá trị đã nhập, ID, mật khẩu, tên mục hay địa chỉ.
diag.fillLogLine	{time}  {via} · {done}/{total}칸 · {result}	{time}  {via} · {done}/{total} fields · {result}	{time}  {via} · {done}/{total} 栏 · {result}	{time}  {via} · {done}/{total} 欄 · {result}	{time}  {via} · {done}/{total} ô · {result}
diag.fillViaHotkey	단축키	Shortcut	快捷键	ショートカット	Phím tắt
diag.fillOk	완료	Done	完成	完了	Xong
diag.fillMethod	커서 {n}단계	focus step {n}	光标步骤 {n}	カーソル手順 {n}	bước con trỏ {n}
diag.fillFallback	보조 판정	fallback check	辅助判定	補助判定	kiểm tra dự phòng
diag.fillRetries	커서 다시 옮김 {n}번	focus retried {n}×	光标重试 {n} 次	カーソル再試行 {n} 回	thử lại con trỏ {n} lần
diag.fillTab	Tab 으로 옮김	moved with Tab	用 Tab 移动	Tab で移動	chuyển bằng Tab
diag.fillClickMissed	클릭 위치 어긋남	click missed the field	点击位置偏离	クリック位置のずれ	nhấp lệch vị trí
diag.fillHowFocus	커서 지정	set focus	设置焦点	フォーカス指定	đặt tiêu điểm
diag.fillHowAction	기본 동작	default action	默认操作	既定の動作	thao tác mặc định
diag.fillHowClick	클릭	click	点击	クリック	nhấp chuột
diag.fillHowTab	Tab	Tab	Tab	Tab	Tab
diag.fillHowShiftTab	Shift+Tab	Shift+Tab	Shift+Tab	Shift+Tab	Shift+Tab
diag.fillHowMain	화면 전체에서 Shift+Tab {n}번	Shift+Tab {n}× from the whole page (MainFrame)	从整个页面（MainFrame）Shift+Tab {n} 次	画面全体（MainFrame）から Shift+Tab {n} 回	Shift+Tab {n} lần từ toàn trang (MainFrame)
diag.fillHowMainStop	화면 전체에서 출발, Shift+Tab {n}번 뒤 멈춤	started at the whole page (MainFrame), stopped after Shift+Tab {n}×	从整个页面（MainFrame）出发，Shift+Tab {n} 次后停止	画面全体（MainFrame）から開始、Shift+Tab {n} 回で停止	bắt đầu từ toàn trang (MainFrame), dừng sau Shift+Tab {n} lần
diag.fillMainOk	화면 전체(MainFrame) 출발 확인: 허용	Start from the whole page (MainFrame): allowed	从整个页面（MainFrame）出发检查：允许	画面全体（MainFrame）からの開始確認：許可	Kiểm tra bắt đầu từ toàn trang (MainFrame): cho phép
diag.fillMainPopup	화면 전체(MainFrame) 출발 안 함: 팝업·알림 창이 있거나 확인할 수 없음	Did not start from the whole page (MainFrame): a popup or message window is open, or it could not be checked	未从整个页面（MainFrame）出发：有弹窗或提示窗口，或无法确认	画面全体（MainFrame）から開始しない：ポップアップ・メッセージ画面がある、または確認できない	Không bắt đầu từ toàn trang (MainFrame): có cửa sổ bật lên/thông báo hoặc không kiểm tra được
diag.fillMainNo	화면 전체(MainFrame) 출발 안 함(조건 {n})	Did not start from the whole page (MainFrame) (condition {n})	未从整个页面（MainFrame）出发（条件 {n}）	画面全体（MainFrame）から開始しない（条件 {n}）	Không bắt đầu từ toàn trang (MainFrame) (điều kiện {n})
diag.fillMainBrowserList	화면 전체(MainFrame) 출발 안 함: 브라우저의 저장된 로그인·자동 완성 목록이 열려 있음	Did not start from the whole page (MainFrame): the browser's saved-login / autofill list is open	未从整个页面（MainFrame）出发：浏览器的已保存登录/自动填充列表已打开	画面全体（MainFrame）から開始しない：ブラウザーの保存済みログイン・自動入力の一覧が開いている	Không bắt đầu từ toàn trang (MainFrame): danh sách đăng nhập đã lưu/tự điền của trình duyệt đang mở
diag.fillNexacro	Nexacro 화면	Nexacro page	Nexacro 页面	Nexacro 画面	trang Nexacro
diag.fillGeneral	일반 웹	regular web page	普通网页	一般の Web	trang web thường
diag.fillPlatformUnknown	화면 종류 확인 불가	page type unknown	无法判断页面类型	画面の種類を判別できず	không xác định loại trang
diag.fillHowFailed	커서 못 옮김	focus failed	无法移动光标	カーソルを移せず	không chuyển được con trỏ
diag.fillProbe	확인 결과: 포커스된 곳 {where} · 칸 스스로 포커스 {field}	check: focused element {where} · field says focused {field}	检查结果：焦点所在 {where} · 输入框自身焦点 {field}	確認結果: フォーカス先 {where} · 欄自身のフォーカス {field}	kết quả kiểm tra: tiêu điểm ở {where} · ô tự báo tiêu điểm {field}
diag.copy	복사	Copy	复制	コピー	Sao chép
diag.copied	클립보드에 복사했습니다.	Copied to the clipboard.	已复制到剪贴板。	クリップボードにコピーしました。	Đã sao chép vào bảng tạm.
diag.copyFailed	클립보드에 복사하지 못했습니다. 잠시 뒤 다시 해 주세요.	Could not copy to the clipboard. Please try again shortly.	无法复制到剪贴板，请稍后再试。	クリップボードにコピーできませんでした。少し後でもう一度お試しください。	Không sao chép được vào bảng tạm. Vui lòng thử lại sau.
log.saveFile	파일로 저장	Save to file	保存为文件	ファイルに保存	Lưu thành tệp
log.saved	파일로 저장했습니다: {name}	Saved to a file: {name}	已保存为文件：{name}	ファイルに保存しました: {name}	Đã lưu thành tệp: {name}
log.saveFailed	파일로 저장하지 못했습니다: {error}	Could not save the file: {error}	无法保存文件：{error}	ファイルに保存できませんでした: {error}	Không lưu được tệp: {error}
log.pickTitle	내용을 저장할 위치	Where to save the text	保存内容的位置	内容の保存先	Nơi lưu nội dung
log.filter	텍스트 파일	Text file	文本文件	テキスト ファイル	Tệp văn bản
diag.fillNeedsAdmin	관리자 권한 필요	needs administrator rights	需要管理员权限	管理者権限が必要	cần quyền quản trị
diag.siteTitle	브라우저 입력란 확인	Browser field check	浏览器输入框检查	ブラウザーの入力欄の確認	Kiểm tra ô nhập của trình duyệt
diag.siteGuide	확인을 누른 뒤 3초 안에 확인할 브라우저 창을 클릭해 주세요.\n그 페이지의 주소와 입력란 목록(이름·ID 만, 적힌 값은 읽지 않음)을 보여 줍니다.	After clicking OK, within 3 seconds click the browser window to check.\n1Key shows that page's address and its input fields (names and IDs only; typed values are never read).	点击确定后，请在 3 秒内点击要检查的浏览器窗口。\n将显示该页面的地址和输入框列表（仅名称和 ID，不读取已填写的值）。	OK を押したら 3 秒以内に、確認するブラウザーのウィンドウをクリックしてください。\nそのページのアドレスと入力欄の一覧（名前・ID のみ。入力された値は読みません）を表示します。	Sau khi bấm OK, trong vòng 3 giây hãy bấm vào cửa sổ trình duyệt cần kiểm tra.\n1Key sẽ hiện địa chỉ trang và danh sách ô nhập (chỉ tên và ID, không đọc giá trị đã nhập).
diag.siteUrl	주소	Address	地址	アドレス	Địa chỉ
diag.siteFields	입력란	Input fields	输入框	入力欄	Ô nhập
diag.sitePassword	비밀번호	Password	密码	パスワード	Mật khẩu
diag.siteText	일반	Text	普通	通常	Văn bản
diag.siteOffscreen	화면 밖	off screen	屏幕外	画面外	ngoài màn hình
diag.siteNoBrowser	브라우저 창(Chrome·Edge)이 아닙니다. 확인할 브라우저 창을 클릭해 주세요.	This is not a browser window (Chrome, Edge). Click the browser window you want to check.	这不是浏览器窗口（Chrome、Edge）。请点击要检查的浏览器窗口。	ブラウザー（Chrome・Edge）のウィンドウではありません。確認するブラウザーのウィンドウをクリックしてください。	Đây không phải cửa sổ trình duyệt (Chrome, Edge). Hãy bấm vào cửa sổ trình duyệt cần kiểm tra.
diag.siteNoDoc	페이지 내용을 읽지 못했습니다. 브라우저가 화면 읽기 기술(UI Automation)에 답하지 않았거나, 페이지가 아직 열리는 중입니다.	Could not read the page. The browser did not answer UI Automation, or the page is still loading.	无法读取页面内容。浏览器未响应 UI Automation，或页面仍在加载。	ページの内容を読み取れませんでした。ブラウザーが UI Automation に応答しなかったか、ページがまだ読み込み中です。	Không đọc được nội dung trang. Trình duyệt không phản hồi UI Automation hoặc trang vẫn đang tải.
diag.siteUnavailable	화면 읽기 기술(UI Automation)을 쓸 수 없거나 응답이 늦습니다. 잠시 뒤 다시 시도해 주세요.	UI Automation is not available or is responding slowly. Please try again in a moment.	无法使用 UI Automation 或响应缓慢。请稍后再试。	UI Automation が使えないか応答が遅れています。しばらくしてから再試行してください。	UI Automation không khả dụng hoặc phản hồi chậm. Hãy thử lại sau ít phút.
# 도움말 (Help.cs). "## " = 섹션 제목, "• " = 항목
help.listTitle	도움말 · 단축키 목록	Help · Shortcuts	帮助 · 快捷键列表	ヘルプ · ショートカット一覧	Trợ giúp · Danh sách phím tắt
help.list	## 넣기\n• 등록한 단축키를 누르면, 그때 커서가 있는 칸에 저장한 내용이 들어갑니다.\n@keys:Ctrl|Alt|1\n• 단축키가 생각나지 않으면 항목 오른쪽 [입력]을 누르세요. 1Key 창이 내려가고 작은 창이 뜹니다. 넣을 칸을 클릭한 뒤 작은 창의 [입력]을 누르면 그 칸에 넣습니다.\n@btns:입력\n> 작은 창의 [입력] 대신 입력 전송 키(기본 Ctrl+Alt+Enter)를 눌러도 됩니다. 설정에서 바꿀 수 있습니다.\n## 바로 실행\n• 위쪽 아이콘 줄에서 프로그램(첫 줄)·폴더(둘째 줄)·웹사이트(셋째 줄)를 누르면 엽니다. 단축키를 정해 두면 1Key 가 잠겨 있어도 열 수 있습니다.\n• [+ 추가] › 프로그램 바로가기·폴더 바로가기·웹사이트 북마크로 넣습니다. 아이콘 줄 모서리의 연필 버튼을 누르면 편집 상태가 되어, 아이콘을 눌러 고치거나 지우고 끌어서 순서를 바꿉니다.\n• 웹사이트는 http:// 또는 https:// 주소를 고른 브라우저(기본·Edge·Chrome)로 엽니다. 이미 열린 창을 찾지 않고 누를 때마다 엽니다.\n> 아이콘은 [바꾸기]로 PNG·ICO 이미지로 바꿀 수 있고, [기본]을 누르면 원래 아이콘으로 돌아갑니다.\n## 항목 관리\n• [+ 추가] › 자주 사용하는 문구(한 칸)·사이트·앱 로그인(ID·PW 두 칸)·연속된 문구 입력(여러 칸) 중 하나로 새 항목을 만들고, 항목을 누르면 고치거나 지웁니다. 최대 99개까지이고, 8개가 넘으면 검색 칸이 생깁니다.\n## 끄기와 잠금\n• 창을 닫으면(×) 트레이에서 계속 실행됩니다. 완전히 끄려면 오른쪽 위 전원 버튼을 누르세요.\n• 자물쇠 버튼은 바로 잠급니다. 잠금 화면의 × 는 종료할지 묻습니다.	## Typing\n• Press a registered shortcut and the saved content is typed into the field where the cursor is.\n@keys:Ctrl|Alt|1\n• If you don't remember the shortcut, press [Type] on the right of the item. 1Key steps aside and a small window appears. Click the field, then press [Type] in the small window.\n@btns:Type\n> Instead of the small window's [Type], you can press the send-input key (Ctrl+Alt+Enter by default). You can change it in Settings.\n## Quick launch\n• Click a program (first row), folder (second row) or website (third row) in the icon row at the top to open it. With a shortcut set, it opens even while 1Key is locked.\n• Add them with [+ Add] › Program / Folder / Website. The pencil button on the corner of the icon row switches to edit mode: click an icon to change or delete it, drag to reorder.\n• A website opens its http:// or https:// address in the chosen browser (Default, Edge or Chrome). It does not look for an open window; it opens each time you press it.\n> [Change] sets a PNG or ICO image as the icon; [Default] returns to the original icon.\n## Managing items\n• [+ Add] › Frequently used text (one field), Site / app login (ID and PW) or Text for several fields creates an item; click an item to change or delete it. Up to 99 items; a search box appears when there are more than 8.\n## Closing and locking\n• Closing the window (×) keeps 1Key running in the tray. To quit, press the power button at the top right.\n• The lock button locks right away. × on the lock screen asks whether to quit.	## 输入\n• 按下已登记的快捷键，保存的内容就会输入到当前光标所在的输入框。\n@keys:Ctrl|Alt|1\n• 记不住快捷键时，按项目右侧的 [输入]。1Key 窗口会收起并出现一个小窗口。点击要输入的框后，按小窗口的 [输入] 即可。\n@btns:输入\n> 也可以不按小窗口的 [输入]，而按输入发送键（默认 Ctrl+Alt+Enter）。可在设置中更改。\n## 快速启动\n• 点击顶部图标行中的程序（第一行）、文件夹（第二行）或网站（第三行）即可打开。设置了快捷键后，即使 1Key 已锁定也能打开。\n• 用 [+ 添加] › 程序·文件夹·网站 添加。按图标行角上的铅笔按钮进入编辑状态，点击图标可修改或删除，拖动可调整顺序。\n• 网站会用所选浏览器（默认·Edge·Chrome）打开 http:// 或 https:// 地址。不查找已打开的窗口，每次按下都会打开。\n> 用 [更改] 可将图标换成 PNG·ICO 图片，按 [默认] 恢复原来的图标。\n## 管理项目\n• [+ 添加] › 常用文字（一个输入框）、网站·应用登录（ID 和 PW）或 连续输入多项内容 新建项目，点击项目可修改或删除。最多 99 个，超过 8 个时会出现搜索框。\n## 关闭与锁定\n• 关闭窗口（×）后 1Key 会继续在托盘中运行。要完全退出，请按右上角的电源按钮。\n• 锁形按钮会立即锁定。锁定界面的 × 会询问是否退出。	## 入力\n• 登録したショートカットを押すと、そのときカーソルがある欄に保存した内容が入力されます。\n@keys:Ctrl|Alt|1\n• ショートカットを覚えていないときは、項目右の [入力] を押します。1Key の窓が下がり、小さな窓が出ます。入力する欄をクリックしてから、小さな窓の [入力] を押します。\n@btns:入力\n> 小さな窓の [入力] の代わりに入力送信キー（既定 Ctrl+Alt+Enter）を押しても入力できます。設定で変更できます。\n## クイック起動\n• 上のアイコン列のプログラム（1 行目）・フォルダー（2 行目）・ウェブサイト（3 行目）を押すと開きます。ショートカットを設定すると、1Key がロック中でも開けます。\n• [+ 追加] › プログラムのショートカット・フォルダーのショートカット・ウェブサイトのブックマークで追加します。アイコン列の角の鉛筆ボタンで編集状態になり、アイコンを押して変更・削除、ドラッグで順番を変えます。\n• ウェブサイトは http:// または https:// のアドレスを選んだブラウザー（既定・Edge・Chrome）で開きます。開いているウィンドウは探さず、押すたびに開きます。\n> [変更] でアイコンを PNG・ICO 画像にでき、[既定] で元のアイコンに戻ります。\n## 項目の管理\n• [+ 追加] › よく使う文言（1 つの欄）・サイト・アプリのログイン（ID と PW）・続けて入力する文言（複数の欄）のどれかで新しい項目を作り、項目を押すと変更・削除できます。最大 99 個で、8 個を超えると検索欄が出ます。\n## 終了とロック\n• 窓を閉じても（×）トレイで動き続けます。完全に終了するには右上の電源ボタンを押します。\n• 鍵ボタンはすぐにロックします。ロック画面の × は終了するか尋ねます。	## Nhập\n• Nhấn phím tắt đã đăng ký, nội dung đã lưu sẽ được nhập vào ô đang có con trỏ.\n@keys:Ctrl|Alt|1\n• Nếu không nhớ phím tắt, hãy nhấn [Nhập] ở bên phải mục. Cửa sổ 1Key thu xuống và một cửa sổ nhỏ hiện ra. Bấm vào ô cần nhập rồi nhấn [Nhập] trên cửa sổ nhỏ.\n@btns:Nhập\n> Thay vì [Nhập] trên cửa sổ nhỏ, có thể nhấn phím gửi nhập (mặc định Ctrl+Alt+Enter). Có thể đổi trong Cài đặt.\n## Khởi chạy nhanh\n• Bấm chương trình (hàng 1), thư mục (hàng 2) hoặc trang web (hàng 3) trên hàng biểu tượng phía trên để mở. Khi đã đặt phím tắt, có thể mở ngay cả khi 1Key đang khóa.\n• Thêm bằng [+ Thêm] › Chương trình / Thư mục / Trang web. Nút bút chì ở góc hàng biểu tượng chuyển sang chế độ sửa: bấm biểu tượng để sửa hoặc xóa, kéo để đổi thứ tự.\n• Trang web mở địa chỉ http:// hoặc https:// bằng trình duyệt đã chọn (Mặc định, Edge hoặc Chrome). Không tìm cửa sổ đang mở; mỗi lần bấm sẽ mở.\n> [Đổi] để dùng ảnh PNG hoặc ICO làm biểu tượng; [Mặc định] để trở về biểu tượng ban đầu.\n## Quản lý mục\n• [+ Thêm] › Văn bản hay dùng (một ô), Đăng nhập trang web / ứng dụng (ID và PW) hoặc Nhập nhiều ô liên tiếp để tạo mục mới; bấm vào mục để sửa hoặc xóa. Tối đa 99 mục; có hơn 8 mục thì ô tìm kiếm xuất hiện.\n## Đóng và khóa\n• Đóng cửa sổ (×) thì 1Key vẫn chạy trong khay. Để thoát hẳn, nhấn nút nguồn ở góc trên bên phải.\n• Nút ổ khóa khóa ngay. × trên màn hình khóa sẽ hỏi có thoát không.
help.fontHeading	글꼴	Fonts	字体	フォント	Phông chữ
help.fontNotice	Pretendard (Copyright (c) 2021, Kil Hyung-jin, SIL Open Font License 1.1). 전문은 [라이선스 보기]에서 볼 수 있습니다.	Pretendard (Copyright (c) 2021, Kil Hyung-jin, SIL Open Font License 1.1). See [View license] for the full text.	Pretendard (Copyright (c) 2021, Kil Hyung-jin, SIL Open Font License 1.1)。全文见[查看许可证]。	Pretendard (Copyright (c) 2021, Kil Hyung-jin, SIL Open Font License 1.1)。全文は [ライセンスを表示] で確認できます。	Pretendard (Copyright (c) 2021, Kil Hyung-jin, SIL Open Font License 1.1). Xem toàn văn tại [Xem giấy phép].
help.licenseButton	라이선스 보기	View license	查看许可证	ライセンスを表示	Xem giấy phép
help.licenseTitle	글꼴 라이선스 · Pretendard	Font license · Pretendard	字体许可证 · Pretendard	フォント ライセンス · Pretendard	Giấy phép phông chữ · Pretendard
help.infoTitle	1Key 정보	About 1Key	关于 1Key	1Key について	Giới thiệu 1Key
help.editTitle	도움말 · 단축키 편집	Help · Edit shortcut	帮助 · 编辑快捷键	ヘルプ · ショートカットの編集	Trợ giúp · Sửa phím tắt
help.edit	## 순서\n• ① 이름과 내용을 넣습니다.\n• ② 단축키 칸을 누르고 원하는 키를 실제로 누릅니다.\n• ③ [저장]을 누릅니다. 그 전에 [테스트]로 메모장 등에 넣어 볼 수 있습니다.\n@btns:테스트|*저장\n## 단축키\n• Ctrl, Alt, Shift, Win 중 하나를 함께 눌러야 합니다. PrintScreen · ScrollLock · Pause · F13~F24 는 단독으로도 됩니다. 지우려면 Backspace.\n@keys:Ctrl|Shift|1\n## 용도\n@seg:*커서 자리|사이트·앱 연결\n• 커서 자리: 어느 창이든 지금 커서가 있는 칸에 넣습니다. 연결이 필요 없고, 입력이 여럿이면 Tab 으로 다음 칸에 넣습니다.\n• 사이트·앱 연결: 입력 옆 [연결]을 누른 뒤 그 페이지(또는 프로그램)의 아이디 칸을 클릭하고 작은 창의 [연결]을 누르세요. 아이디·비밀번호 두 칸은 한 번에 찾습니다. 그 페이지·프로그램이 열려 있지 않으면 아무 데도 넣지 않습니다.\n• 프로그램은 입력 1만 연결하고, 나머지 입력은 그 칸에서 Tab 으로 넘어가 넣습니다.\n> 1Key 는 주소와 칸의 이름·위치만 읽고, 칸에 적힌 값은 읽지 않습니다.\n## 양식\n• [+ 추가]에서 고른 양식에 따라 칸이 다릅니다. 자주 사용하는 문구 = 한 칸, 사이트·앱 로그인 = ID·PW 두 칸(ID 는 그대로 보이고 PW 는 가려지며 눈 단추로 봅니다), 연속된 문구 입력 = 여러 칸.\n• 연속된 문구 입력은 내용 칸 끝의 + 로 입력을 4개까지 늘리고, 늘린 입력은 옆의 × 로 지웁니다.\n## Enter 전송\n@seg:안함|*전송|브라우저 제외 전송\n• 전송: 내용을 넣은 뒤 Enter 를 보냅니다(로그인 버튼을 누른 것처럼). 브라우저에서도 보냅니다.\n• 브라우저 제외 전송: 브라우저에서는 글자만 넣고, 다른 프로그램에서는 Enter 를 보냅니다.\n## 입력 방식\n• 보통은 "자동 (권장)"으로 충분합니다. 안 들어가는 창이 있으면 다른 방식을 골라 [테스트]로 확인하세요.\n• 인하우스 뱅킹처럼 관리자 권한으로 실행되는 창에 넣으려면 설정의 "항상 관리자 권한으로 실행"을 켜세요.\n## 사이트·앱 연결 항목에만 있는 스위치\n• 입력마다 따로 연결(입력이 2개일 때): 아이디·비밀번호 짝을 한 번에 찾지 못할 때, 입력마다 [연결]을 따로 합니다.\n• 칸에 커서가 안 들어가면 직접 클릭하기: 연결한 칸에 커서가 들어가지 않을 때 그 칸을 화면에서 클릭합니다. 새 항목은 꺼져 있습니다.\n## 주의사항\n! 브라우저 안의 입력란은 서로 구분할 수 없어, 입력 도중 커서가 다른 칸으로 옮겨 가도 1Key 는 알아채지 못합니다. 그러면 그 칸에 들어간 내용이 Enter 로 전송될 수 있습니다.\n• 브라우저인지는 창 종류로 판단하므로, 같은 방식으로 만든 일부 데스크톱 앱도 브라우저로 봅니다.\n• 클립보드 붙여넣기 방식은 입력 뒤 원래 클립보드를 되돌려 놓습니다. 그사이 다른 프로그램이 클립보드를 바꿨으면 되돌리지 않고, 그림·파일처럼 글이 아닌 내용은 되살리지 못합니다.	## Steps\n• ① Enter a name and content.\n• ② Click the shortcut box and press the keys you want.\n• ③ Press [Save]. Before that, [Test] lets you try it in Notepad.\n@btns:Test|*Save\n## Shortcut\n• Include one of Ctrl, Alt, Shift or Win. PrintScreen · ScrollLock · Pause · F13–F24 also work alone. Backspace clears it.\n@keys:Ctrl|Shift|1\n## Use\n@seg:*Cursor|Linked site/app\n• Cursor: types into the field where the cursor is, in any window. No link needed; with several inputs, Tab moves to the next field.\n• Linked site/app: press [Link] next to an input, click the ID field on that page (or program), then press [Link] in the small window. The ID and password fields are found together. If that page or program is not open, nothing is typed.\n• For programs only input 1 is linked; the other inputs follow with Tab from that field.\n> 1Key reads only the address and the fields' names and positions, never what is written in them.\n## Forms\n• The fields depend on the form chosen in [+ Add]: Frequently used text = one field, Site / app login = ID and PW (the ID is shown, the PW is hidden; the eye button shows it), Text for several fields = several fields.\n• In Text for several fields, the + at the end of the content row adds inputs (up to 4); remove an added input with × next to it.\n## Send Enter\n@seg:Off|*Send|Send except browsers\n• Send: presses Enter after typing (like clicking the login button), in browsers too.\n• Send except browsers: browsers get the text only; other programs also get Enter.\n## Method\n• "Auto (recommended)" is usually enough. If a window doesn't take the input, pick another method and check with [Test].\n• To type into windows running as administrator (such as in-house banking), turn on "Always run as administrator" in Settings.\n## Switches only for linked site/app items\n• Link each input separately (with 2 inputs): when the ID/password pair isn't found in one go, link each input with its own [Link].\n• Click the field if the cursor does not go in: clicks the linked field on screen when the cursor does not get into it. Off for new items.\n## Cautions\n! Fields inside a browser can't be told apart, so if the cursor moves to another field while typing, 1Key won't notice. The content in that field may then be sent with Enter.\n• Browsers are detected by window type, so some desktop apps built the same way count as browsers too.\n• The clipboard method puts your clipboard back after typing. If another program changed the clipboard meanwhile it isn't restored, and non-text content such as pictures or files can't be restored.	## 步骤\n• ① 输入名称和内容。\n• ② 点击快捷键框，实际按下想要的键。\n• ③ 按 [保存]。保存前可用 [测试] 在记事本等处试一下。\n@btns:测试|*保存\n## 快捷键\n• 必须同时按 Ctrl、Alt、Shift、Win 之一。PrintScreen · ScrollLock · Pause · F13~F24 可以单独使用。按 Backspace 清除。\n@keys:Ctrl|Shift|1\n## 用途\n@seg:*光标处|关联网站·程序\n• 光标处：在任何窗口中输入到当前光标所在的框。不需要关联；有多个输入时用 Tab 移到下一个框。\n• 关联网站·程序：按输入旁的 [关联]，点击该网页（或程序）的账号框，再按小窗口的 [关联]。账号和密码两个框会一起找到。该网页或程序没有打开时不会输入到任何地方。\n• 程序只关联输入 1，其余输入从该框用 Tab 依次输入。\n> 1Key 只读取地址和输入框的名称、位置，不读取框中的内容。\n## 形式\n• 输入框取决于在 [+ 添加] 中选择的形式：常用文字 = 一个框，网站·应用登录 = ID 和 PW 两个框（ID 直接显示，PW 隐藏，按眼睛按钮可查看），连续输入多项内容 = 多个框。\n• 连续输入多项内容可用内容框末尾的 + 增加输入（最多 4 个），增加的输入用旁边的 × 删除。\n## 发送 Enter\n@seg:不发送|*发送|除浏览器外发送\n• 发送：输入后按 Enter（如同点击登录按钮），在浏览器中也会按。\n• 除浏览器外发送：在浏览器中只输入文字，在其他程序中按 Enter。\n## 输入方式\n• 通常 "自动（推荐）" 就够了。有窗口输入不进去时，选择其他方式并用 [测试] 确认。\n• 要输入到以管理员身份运行的窗口（如网银），请在设置中开启 "始终以管理员身份运行"。\n## 仅关联网站·程序项目才有的开关\n• 为每个输入分别关联（有 2 个输入时）：无法一次找到账号·密码时，为每个输入分别 [关联]。\n• 光标无法进入时直接点击输入框：光标进不了关联的框时，在屏幕上点击该框。新项目默认关闭。\n## 注意事项\n! 浏览器中的输入框无法相互区分，输入过程中光标移到其他框时 1Key 无法察觉，该框中的内容可能会随 Enter 一起发送。\n• 是否为浏览器按窗口类型判断，因此以相同方式制作的部分桌面应用也会被视为浏览器。\n• 剪贴板粘贴方式会在输入后恢复原来的剪贴板。期间其他程序改动了剪贴板则不恢复，图片、文件等非文字内容无法恢复。	## 手順\n• ① 名前と内容を入れます。\n• ② ショートカット欄を押し、使いたいキーを実際に押します。\n• ③ [保存] を押します。その前に [テスト] でメモ帳などに入力してみられます。\n@btns:テスト|*保存\n## ショートカット\n• Ctrl・Alt・Shift・Win のいずれかを一緒に押す必要があります。PrintScreen · ScrollLock · Pause · F13〜F24 は単独でも使えます。消すには Backspace。\n@keys:Ctrl|Shift|1\n## 用途\n@seg:*カーソル位置|サイト・アプリ連携\n• カーソル位置：どの窓でも、今カーソルがある欄に入力します。連携は不要で、入力が複数なら Tab で次の欄に入力します。\n• サイト・アプリ連携：入力の横の [リンク] を押し、そのページ（またはプログラム）の ID 欄をクリックしてから小さな窓の [リンク] を押します。ID とパスワードの 2 欄はまとめて見つけます。そのページ・プログラムが開いていなければどこにも入力しません。\n• プログラムは入力 1 だけをリンクし、残りの入力はその欄から Tab で進んで入力します。\n> 1Key が読むのはアドレスと欄の名前・位置だけで、欄に書かれた値は読みません。\n## 形式\n• 欄は [+ 追加] で選んだ形式で変わります。よく使う文言 = 1 つの欄、サイト・アプリのログイン = ID と PW の 2 つの欄（ID はそのまま表示、PW は隠れ、目のボタンで表示）、続けて入力する文言 = 複数の欄。\n• 続けて入力する文言では、内容欄の端の + で入力を 4 つまで増やし、増やした入力は横の × で消します。\n## Enter 送信\n@seg:送信しない|*送信|ブラウザー以外で送信\n• 送信：入力後に Enter を送ります（ログイン ボタンを押すように）。ブラウザーでも送ります。\n• ブラウザー以外で送信：ブラウザーでは文字だけを入力し、ほかのプログラムでは Enter を送ります。\n## 入力方式\n• 通常は「自動（推奨）」で十分です。入力できない窓があれば別の方式を選び、[テスト] で確かめてください。\n• インハウス バンキングのように管理者として動く窓に入力するには、設定の「常に管理者として実行」をオンにします。\n## サイト・アプリ連携の項目だけのスイッチ\n• 入力ごとに個別にリンク（入力が 2 つのとき）：ID・パスワードの組をまとめて見つけられないとき、入力ごとに [リンク] します。\n• カーソルが入らないときは欄をクリック：リンクした欄にカーソルが入らないとき、画面上でその欄をクリックします。新しい項目ではオフです。\n## 注意事項\n! ブラウザー内の入力欄は互いに区別できないため、入力中にカーソルが別の欄に移っても 1Key は気づけません。その欄の内容が Enter で送信されることがあります。\n• ブラウザーかどうかは窓の種類で判断するため、同じ方式で作られた一部のデスクトップ アプリもブラウザーと見なします。\n• クリップボード貼り付け方式は入力後に元のクリップボードを戻します。その間にほかのプログラムがクリップボードを変えた場合は戻さず、画像・ファイルなど文字以外の内容は戻せません。	## Các bước\n• ① Nhập tên và nội dung.\n• ② Bấm ô phím tắt rồi nhấn thật phím muốn dùng.\n• ③ Nhấn [Lưu]. Trước đó có thể dùng [Thử] để nhập thử vào Notepad.\n@btns:Thử|*Lưu\n## Phím tắt\n• Phải nhấn kèm một trong Ctrl, Alt, Shift, Win. PrintScreen · ScrollLock · Pause · F13–F24 dùng riêng cũng được. Xóa bằng Backspace.\n@keys:Ctrl|Shift|1\n## Mục đích\n@seg:*Con trỏ|Liên kết trang/ứng dụng\n• Con trỏ: nhập vào ô đang có con trỏ ở bất kỳ cửa sổ nào. Không cần liên kết; có nhiều ô nhập thì Tab sang ô tiếp theo.\n• Liên kết trang/ứng dụng: nhấn [Liên kết] cạnh ô nhập, bấm vào ô ID trên trang đó (hoặc chương trình), rồi nhấn [Liên kết] trên cửa sổ nhỏ. Hai ô ID và mật khẩu được tìm cùng lúc. Nếu trang hay chương trình đó chưa mở thì không nhập vào đâu cả.\n• Với chương trình chỉ liên kết ô nhập 1; các ô còn lại được nhập bằng Tab từ ô đó.\n> 1Key chỉ đọc địa chỉ và tên, vị trí của các ô, không đọc giá trị trong ô.\n## Dạng\n• Các ô tùy theo dạng đã chọn ở [+ Thêm]: Văn bản hay dùng = một ô, Đăng nhập trang web / ứng dụng = hai ô ID và PW (ID hiện rõ, PW bị ẩn, nút mắt để xem), Nhập nhiều ô liên tiếp = nhiều ô.\n• Với Nhập nhiều ô liên tiếp, dấu + ở cuối hàng nội dung thêm ô nhập (tối đa 4); xóa ô đã thêm bằng × bên cạnh.\n## Gửi Enter\n@seg:Không gửi|*Gửi|Gửi trừ trình duyệt\n• Gửi: nhấn Enter sau khi nhập (như bấm nút đăng nhập), cả trong trình duyệt.\n• Gửi trừ trình duyệt: trong trình duyệt chỉ nhập chữ; chương trình khác thì nhấn Enter.\n## Cách nhập\n• Thường "Tự động (khuyên dùng)" là đủ. Nếu có cửa sổ không nhận, hãy chọn cách khác và kiểm tra bằng [Thử].\n• Để nhập vào cửa sổ chạy với quyền quản trị (như ngân hàng nội bộ), bật "Luôn chạy với quyền quản trị" trong Cài đặt.\n## Công tắc chỉ có ở mục liên kết trang/ứng dụng\n• Liên kết riêng từng ô nhập (khi có 2 ô nhập): khi không tìm được cặp ID/mật khẩu cùng lúc, liên kết từng ô bằng [Liên kết] riêng.\n• Bấm vào ô nếu con trỏ không vào được: bấm ô đã liên kết trên màn hình khi con trỏ không vào được. Mục mới để tắt.\n## Lưu ý\n! Không phân biệt được các ô nhập trong trình duyệt, nên nếu con trỏ chuyển sang ô khác khi đang nhập, 1Key không biết. Nội dung trong ô đó có thể bị gửi đi bằng Enter.\n• Trình duyệt được nhận biết theo loại cửa sổ, nên một số ứng dụng máy tính làm cùng cách cũng bị xem là trình duyệt.\n• Cách dán bằng bộ nhớ tạm sẽ trả lại bộ nhớ tạm sau khi nhập. Nếu chương trình khác đã thay đổi bộ nhớ tạm trong lúc đó thì không trả lại, và nội dung không phải chữ như hình hay tệp thì không khôi phục được.
help.settingsTitle	도움말 · 설정	Help · Settings	帮助 · 设置	ヘルプ · 設定	Trợ giúp · Cài đặt
help.settings	## 저장\n• 바꾼 내용은 [저장]을 눌러야 적용됩니다. [취소]를 누르면 그대로입니다. 바꾼 채 왼쪽 위 [< 뒤로]를 누르면 변경을 취소할지 묻습니다.\n@btns:취소|*저장\n## 시작\n• Windows 시작 시 자동 실행: 켜거나 끄고 [저장]하면 자동 실행을 등록하거나 지웁니다. "항상 관리자 권한으로 실행"이 켜져 있으면 관리자 승인(UAC)을 한 번 묻고, 로그인할 때 관리자 권한으로 시작합니다.\n• 시작 시 트레이: 1Key 를 켜고 잠금을 풀면 창을 띄우지 않고 트레이로 내립니다.\n• 트레이 위젯 모드: 잠금을 푼 채 창을 트레이로 내리면(× 또는 목록 위의 위젯 단추) 고양이가 작업 표시줄 오른쪽 위에 앉아 마우스 쪽을 쳐다보고, 누르면 1Key 창이 열립니다. 전체 화면 프로그램·시작 메뉴를 쓰는 동안은 숨습니다. 최대화한 창의 아래쪽을 마스코트 크기만큼 가릴 수 있습니다.\n• 항상 관리자 권한으로 실행: 인하우스 뱅킹처럼 관리자 권한으로 실행되는 프로그램에 넣으려면 켜세요. 1Key 를 시작할 때마다 Windows 권한 확인 창이 뜹니다.\n## 화면\n@seg:*시스템 설정|밝게|어둡게\n• 테마와 언어는 고르면 바로 미리 보입니다. [저장]하지 않고 나가면 원래대로 돌아갑니다. "시스템 설정"은 Windows 의 밝게·어둡게와 표시 언어를 따릅니다.\n• 프로그램 이름 표시 · 폴더 이름 표시: 바로 실행 아이콘 아래에 이름을 보일지 정합니다.\n## 자동 잠금\n• 키보드와 마우스를 그 시간 동안 쓰지 않으면 잠급니다. "안 함"이면 자리를 비울 때 목록 위 자물쇠 버튼으로 직접 잠그세요.\n• 잠기면 떠 있던 확인·도움말 창은 닫히고, 아직 끝내지 않은 작업은 취소됩니다.\n## 마스터 비밀번호 · 백업 파일\n@btns:변경|백업|복원\n• [변경]: 마스터 비밀번호를 바꿉니다.\n• [백업]·[복원]: 다른 PC·Windows 재설치에 대비해 백업 파일을 만들거나, 그 파일에서 되살립니다. 자세한 것은 그 화면의 [도움말]을 보세요.\n## 입력 전송 키\n@keys:Ctrl|Alt|Enter\n• 목록에서 [입력]을 누르면 작은 창이 뜹니다. 넣을 칸을 클릭한 뒤 이 키를 누르면 그 칸에 넣습니다(작은 창의 [입력]과 같음). 작은 창이 떠 있는 동안만 쓰이고, 60초가 지나거나 잠그면 취소됩니다.\n## 도구\n• 관리자 권한으로 다시 시작 [다시 시작]: 지금 1Key 를 이번 한 번 관리자 권한으로 다시 엽니다.\n• 고급 설정 [열기]: 입력 속도와 진단이 있는 화면을 엽니다.	## Saving\n• Changes apply only when you press [Save]. [Cancel] keeps everything as it was. Pressing [< Back] at the top left with changes asks whether to discard them.\n@btns:Cancel|*Save\n## Startup\n• Start with Windows: turn it on or off and press [Save]; 1Key registers or removes startup. With "Always run as administrator" on, it asks once for approval (UAC) and 1Key starts as administrator at sign-in.\n• Tray on start: after you start 1Key and unlock it, it goes to the tray instead of showing the window.\n• Tray widget mode: send the window to the tray while unlocked (× or the widget button above the list) and a cat sits on the right end of the taskbar and watches your mouse pointer; click it to open 1Key. It hides while a full-screen program or the Start menu is in use. It can cover a mascot-sized spot at the bottom of a maximized window.\n• Always run as administrator: turn on to type into programs running as administrator (such as in-house banking). Windows asks for permission each time 1Key starts.\n## Display\n@seg:*System|Light|Dark\n• Theme and language preview right away. Leaving without [Save] restores them. "System" follows Windows' light/dark mode and display language.\n• Show program names · Show folder names: whether names appear under the quick-launch icons.\n## Auto-lock\n• Locks when the keyboard and mouse aren't used for that time. With "Off", lock it yourself with the lock button above the list when you step away.\n• On lock, open confirmations and help windows close and unfinished actions are cancelled.\n## Master password · Backup file\n@btns:Change|Back up|Restore\n• [Change]: changes the master password.\n• [Back up]·[Restore]: makes a backup file for another PC or a Windows reinstall, or restores from one. See [Help] on that screen for details.\n## Send-input key\n@keys:Ctrl|Alt|Enter\n• Pressing [Type] in the list opens a small window. Click the field, then press this key to type there (same as the small window's [Type]). It works only while the small window is open, and is cancelled after 60 seconds or on lock.\n## Tools\n• Restart as administrator [Restart]: reopens 1Key as administrator, this time only.\n• Advanced settings [Open]: opens the screen with typing speed and diagnostics.	## 保存\n• 更改只有按 [保存] 后才会生效。按 [取消] 则保持原样。有更改时按左上角的 [< 返回] 会询问是否放弃更改。\n@btns:取消|*保存\n## 启动\n• 随 Windows 启动：打开或关闭后按 [保存]，即注册或移除自动运行。若打开了“始终以管理员身份运行”，会请求一次批准（UAC），登录时以管理员身份启动。\n• 启动时到托盘：启动 1Key 并解锁后，不显示窗口而是收到托盘。\n• 托盘小部件模式：解锁状态下将窗口收到托盘后（× 或列表上方的小部件按钮），一只小猫会坐在任务栏右侧上方，目光跟随鼠标，点击即可打开 1Key。使用全屏程序或开始菜单时会隐藏。可能会遮挡最大化窗口底部吉祥物大小的一块区域。\n• 始终以管理员身份运行：要输入到以管理员身份运行的程序（如网银）时请开启。每次启动 1Key 时 Windows 都会请求权限确认。\n## 显示\n@seg:*系统设置|浅色|深色\n• 主题和语言选择后立即预览。不 [保存] 就离开会恢复原样。"系统设置" 跟随 Windows 的浅色/深色和显示语言。\n• 显示程序名称 · 显示文件夹名称：设置快速启动图标下是否显示名称。\n## 自动锁定\n• 在该时间内未使用键盘和鼠标就会锁定。选 "关闭" 时，离开座位请用列表上方的锁形按钮手动锁定。\n• 锁定时，打开的确认、帮助窗口会关闭，尚未完成的操作会取消。\n## 主密码 · 备份文件\n@btns:更改|备份|恢复\n• [更改]：更改主密码。\n• [备份]·[恢复]：为其他电脑或重装 Windows 制作备份文件，或从备份文件恢复。详情请看该界面的 [帮助]。\n## 输入发送键\n@keys:Ctrl|Alt|Enter\n• 在列表中按 [输入] 会弹出小窗口。点击要输入的框后按此键即可输入（与小窗口的 [输入] 相同）。仅在小窗口打开期间有效，超过 60 秒或锁定时取消。\n## 工具\n• 以管理员身份重新启动 [重新启动]：仅本次以管理员身份重新打开 1Key。\n• 高级设置 [打开]：打开包含输入速度和诊断的界面。	## 保存\n• 変更は [保存] を押したときだけ反映されます。[キャンセル] を押すとそのままです。変更したまま左上の [< 戻る] を押すと、変更を取り消すか尋ねます。\n@btns:キャンセル|*保存\n## 起動\n• Windows の起動時に自動実行：オン・オフして [保存] を押すと自動実行を登録・解除します。「常に管理者として実行」がオンなら承認（UAC）を一度求め、サインイン時に管理者として起動します。\n• 起動時にトレイ：1Key を起動してロックを解除すると、窓を出さずにトレイへ下げます。\n• トレイ ウィジェット モード：ロックを解除したままウィンドウをトレイにしまうと（× または一覧の上のウィジェット ボタン）、猫がタスクバーの右上に座ってマウスのほうを見て、押すと 1Key が開きます。全画面のプログラムやスタート メニューを使っている間は隠れます。最大化したウィンドウの下端をマスコットの大きさだけ隠すことがあります。\n• 常に管理者として実行：インハウス バンキングのように管理者として動くプログラムに入力するにはオンにします。1Key を起動するたびに Windows の権限確認が出ます。\n## 表示\n@seg:*システム設定|ライト|ダーク\n• テーマと言語は選ぶとすぐプレビューされます。[保存] せずに出ると元に戻ります。「システム設定」は Windows のライト/ダークと表示言語に従います。\n• プログラム名を表示 · フォルダー名を表示：クイック起動のアイコンの下に名前を出すかを決めます。\n## 自動ロック\n• その時間キーボードとマウスを使わないとロックします。「オフ」のときは、席を離れるときに一覧上の鍵ボタンで自分でロックしてください。\n• ロックすると、開いていた確認・ヘルプの窓は閉じ、終わっていない操作は取り消されます。\n## マスター パスワード · バックアップ ファイル\n@btns:変更|バックアップ|復元\n• [変更]：マスター パスワードを変更します。\n• [バックアップ]·[復元]：別の PC や Windows の再インストールに備えてバックアップ ファイルを作るか、そのファイルから復元します。詳しくはその画面の [ヘルプ] を見てください。\n## 入力送信キー\n@keys:Ctrl|Alt|Enter\n• 一覧で [入力] を押すと小さな窓が出ます。入力する欄をクリックしてこのキーを押すと、その欄に入力します（小さな窓の [入力] と同じ）。小さな窓が出ている間だけ使われ、60 秒たつかロックすると取り消されます。\n## ツール\n• 管理者として再起動 [再起動]：今の 1Key を今回だけ管理者として開き直します。\n• 詳細設定 [開く]：入力速度と診断がある画面を開きます。	## Lưu\n• Thay đổi chỉ áp dụng khi nhấn [Lưu]. Nhấn [Hủy] thì giữ nguyên. Có thay đổi mà nhấn [< Quay lại] ở góc trên trái thì sẽ hỏi có bỏ thay đổi không.\n@btns:Hủy|*Lưu\n## Khởi động\n• Khởi động cùng Windows: bật hoặc tắt rồi bấm [Lưu], 1Key đăng ký hoặc gỡ khởi động. Nếu bật "Luôn chạy với quyền quản trị", sẽ hỏi phê duyệt (UAC) một lần và 1Key khởi động với quyền quản trị khi đăng nhập.\n• Khay khi khởi động: sau khi mở 1Key và mở khóa, cửa sổ thu xuống khay thay vì hiện ra.\n• Chế độ tiện ích khay: đưa cửa sổ xuống khay lúc đang mở khóa (× hoặc nút tiện ích phía trên danh sách) thì một chú mèo ngồi ở góc phải phía trên thanh tác vụ và nhìn theo con trỏ chuột; bấm vào để mở 1Key. Linh vật ẩn khi dùng chương trình toàn màn hình hoặc menu Start. Có thể che một chỗ bằng kích thước linh vật ở đáy cửa sổ đang phóng to.\n• Luôn chạy với quyền quản trị: bật để nhập vào chương trình chạy với quyền quản trị (như ngân hàng nội bộ). Mỗi lần mở 1Key, Windows sẽ hỏi xác nhận quyền.\n## Hiển thị\n@seg:*Theo hệ thống|Sáng|Tối\n• Giao diện và ngôn ngữ được xem trước ngay khi chọn. Rời đi mà không [Lưu] thì trở lại như cũ. "Theo hệ thống" theo chế độ sáng/tối và ngôn ngữ hiển thị của Windows.\n• Hiện tên chương trình · Hiện tên thư mục: có hiện tên dưới biểu tượng khởi chạy nhanh hay không.\n## Tự khóa\n• Khóa khi không dùng bàn phím và chuột trong thời gian đó. Nếu chọn "Tắt", hãy tự khóa bằng nút ổ khóa phía trên danh sách khi rời chỗ.\n• Khi khóa, các cửa sổ xác nhận và trợ giúp đang mở sẽ đóng và thao tác chưa xong bị hủy.\n## Mật khẩu chính · Tệp sao lưu\n@btns:Đổi|Sao lưu|Khôi phục\n• [Đổi]: đổi mật khẩu chính.\n• [Sao lưu]·[Khôi phục]: tạo tệp sao lưu cho máy khác hoặc cài lại Windows, hoặc khôi phục từ tệp đó. Xem [Trợ giúp] trên màn hình đó.\n## Phím gửi nhập\n@keys:Ctrl|Alt|Enter\n• Nhấn [Nhập] trong danh sách sẽ mở cửa sổ nhỏ. Bấm vào ô cần nhập rồi nhấn phím này để nhập vào ô đó (giống [Nhập] của cửa sổ nhỏ). Chỉ dùng khi cửa sổ nhỏ đang mở, bị hủy sau 60 giây hoặc khi khóa.\n## Công cụ\n• Khởi động lại với quyền quản trị [Khởi động lại]: mở lại 1Key với quyền quản trị, chỉ lần này.\n• Cài đặt nâng cao [Mở]: mở màn hình có tốc độ nhập và chẩn đoán.
help.advancedTitle	도움말 · 고급 설정	Help · Advanced settings	帮助 · 高级设置	ヘルプ · 詳細設定	Trợ giúp · Cài đặt nâng cao
help.advanced	## 입력 속도\n• 키 입력 간격과 입력 시작 전 대기는 입력이 밀리거나 글자가 빠질 때 늘려 보세요. 기본값은 간격 20, 대기 80 입니다.\n## 진단\n• 입력이 안 될 때 원인 확인: 확인을 누른 뒤 3초 안에 입력할 창을 클릭하면, 왜 안 들어가는지와 할 일을 알려 줍니다. 문의할 때 그 결과를 캡처해 주세요.\n• 브라우저 입력란 읽기 확인: 확인을 누른 뒤 3초 안에 브라우저 창을 클릭하면, 사이트 연결이 그 페이지에서 읽을 수 있는 주소와 입력란 목록을 보여 줍니다(값은 읽지 않음).\n• 최근 채우기 결과: 사이트·앱 연결 항목을 넣은 최근 결과를 보여 줍니다.\n• 결과 상자의 [복사]·[파일로 저장]으로 내용을 그대로 보낼 수 있습니다(제목·1Key 버전·시각이 함께 들어갑니다). 저장 실패처럼 '자세한 정보'가 붙은 안내에도 같은 버튼이 있습니다.\n## 사용량\n• 1Key가 지금 쓰는 CPU와 메모리를 1초마다 보여 줍니다. CPU는 모든 코어를 합친 비율(작업 관리자와 같은 기준)이고, 메모리는 작업 집합입니다. 위젯 모드에서 마스코트가 움직이는 동안은 조금 늘어납니다.	## Typing speed\n• If typing falls behind or letters are dropped, increase the key interval and the wait before typing. Defaults: interval 20, wait 80.\n## Diagnostics\n• Find out why typing fails: after OK, click the target window within 3 seconds to see why it doesn't take the input and what to do. Capture the result when you ask for help.\n• Check browser fields: after OK, click a browser window within 3 seconds to see the address and the list of fields a site link can read on that page (values are not read).\n• Recent fill results: shows recent results of linked site/app items.\n• [Copy] and [Save to file] in the result boxes send the text as it is (with the title, the 1Key version and the time). Messages with 'Details', such as a failed save, have the same buttons.\n## Resource use\n• Shows the CPU and memory 1Key is using, updated every second. CPU is the share of all cores (as in Task Manager); memory is the working set. Both rise a little while the widget-mode mascot moves.	## 输入速度\n• 输入滞后或漏字时，请增大按键间隔和开始输入前的等待。默认值为间隔 20、等待 80。\n## 诊断\n• 查找无法输入的原因：按确认后 3 秒内点击要输入的窗口，会告诉您无法输入的原因和处理方法。咨询时请截图该结果。\n• 检查浏览器输入框：按确认后 3 秒内点击浏览器窗口，会显示网站关联在该页面能读取的地址和输入框列表（不读取值）。\n• 最近的填充结果：显示关联网站·程序项目最近的输入结果。\n• 结果框中的 [复制]·[保存为文件] 可原样发送内容（附带标题、1Key 版本和时间）。保存失败等带有“详细信息”的提示也有相同按钮。\n## 资源占用\n• 每秒显示 1Key 当前使用的 CPU 和内存。CPU 为全部核心合计的比例（与任务管理器相同），内存为工作集。小组件模式的吉祥物活动时会略有增加。	## 入力速度\n• 入力が遅れたり文字が抜けたりするときは、キー入力の間隔と入力開始前の待ち時間を増やしてみてください。既定値は間隔 20、待ち 80 です。\n## 診断\n• 入力できないときの原因を確認：OK を押してから 3 秒以内に入力先の窓をクリックすると、入らない理由とすべきことを表示します。問い合わせの際はその結果をキャプチャしてください。\n• ブラウザーの入力欄の確認：OK を押してから 3 秒以内にブラウザーの窓をクリックすると、サイト連携がそのページで読めるアドレスと入力欄の一覧を表示します（値は読みません）。\n• 最近の入力結果：サイト・アプリ連携の項目の最近の結果を表示します。\n• 結果の画面の [コピー]・[ファイルに保存] で内容をそのまま送れます（タイトル・1Key のバージョン・時刻付き）。保存の失敗など「詳細情報」が付いた案内にも同じボタンがあります。\n## 使用量\n• 1Key が今使っている CPU とメモリを 1 秒ごとに表示します。CPU は全コア合計の割合（タスク マネージャーと同じ基準）、メモリはワーキング セットです。ウィジェット モードのマスコットが動いている間は少し増えます。	## Tốc độ nhập\n• Nếu nhập bị chậm hoặc mất chữ, hãy tăng khoảng cách phím và thời gian chờ trước khi nhập. Mặc định: khoảng cách 20, chờ 80.\n## Chẩn đoán\n• Tìm lý do không nhập được: sau khi nhấn OK, bấm vào cửa sổ cần nhập trong 3 giây để xem lý do và việc cần làm. Hãy chụp kết quả khi cần hỗ trợ.\n• Kiểm tra ô nhập của trình duyệt: sau khi nhấn OK, bấm vào cửa sổ trình duyệt trong 3 giây để xem địa chỉ và danh sách ô nhập mà liên kết trang có thể đọc (không đọc giá trị).\n• Kết quả điền gần đây: hiện kết quả gần đây của các mục liên kết trang/ứng dụng.\n• [Sao chép] và [Lưu thành tệp] trong hộp kết quả gửi nguyên nội dung (kèm tiêu đề, phiên bản 1Key và thời gian). Các thông báo có 'Chi tiết', như lưu thất bại, cũng có các nút này.\n## Mức sử dụng\n• Hiển thị CPU và bộ nhớ 1Key đang dùng, cập nhật mỗi giây. CPU là tỷ lệ trên tất cả các lõi (như Trình quản lý tác vụ); bộ nhớ là working set. Tăng nhẹ khi linh vật ở chế độ tiện ích di chuyển.
help.masterTitle	도움말 · 마스터 비밀번호 바꾸기	Help · Change master password	帮助 · 更改主密码	ヘルプ · マスター パスワードの変更	Trợ giúp · Đổi mật khẩu chính
help.master	## 바꾸는 방법\n• "마스터 비밀번호 입력"에 지금 쓰는 마스터를, "새 마스터 비밀번호 입력 / 확인"에 새 마스터를 넣습니다. 두 칸이 같은지는 칸 아래에 바로 보입니다.\n• 4자 이상이어야 하고 8자 이상을 권장합니다.\n! 마스터 비밀번호를 잊으면 저장된 내용을 되살릴 수 없습니다.\n## 바꾸면\n• 저장된 모든 내용을 새 마스터로 다시 암호화해 저장합니다.\n• 예전 설정 사본(.bak)이 있으면 그 사본은 예전 마스터로 열립니다. 지울지 물어봅니다.	## How to change\n• Enter your current master in "Enter master password", and the new one in "Enter new master password / Confirm". Whether the two match shows right below.\n• At least 4 characters; 8 or more recommended.\n! If you forget the master password, the saved content can't be recovered.\n## After the change\n• All saved content is encrypted again with the new master.\n• Old settings copies (.bak), if any, still open with the old master. You'll be asked whether to delete them.	## 更改方法\n• 在 "输入主密码" 中输入当前主密码，在 "输入新主密码 / 确认" 中输入新主密码。两次是否一致会立即显示在下方。\n• 至少 4 个字符，建议 8 个以上。\n! 忘记主密码后，保存的内容将无法恢复。\n## 更改后\n• 所有保存的内容都会用新主密码重新加密保存。\n• 若有旧的设置副本（.bak），它们仍用旧主密码打开。会询问是否删除。	## 変更のしかた\n• 「マスター パスワードを入力」に今のマスターを、「新しいマスター パスワードを入力 / 確認」に新しいマスターを入れます。2 つが同じかどうかは欄の下にすぐ出ます。\n• 4 文字以上が必要で、8 文字以上を推奨します。\n! マスター パスワードを忘れると、保存した内容は戻せません。\n## 変更すると\n• 保存したすべての内容を新しいマスターで暗号化し直して保存します。\n• 古い設定のコピー（.bak）があれば、それは古いマスターで開きます。削除するか尋ねます。	## Cách đổi\n• Nhập mật khẩu chính hiện tại vào "Nhập mật khẩu chính", và mật khẩu mới vào "Nhập mật khẩu chính mới / Xác nhận". Hai ô có khớp không sẽ hiện ngay bên dưới.\n• Tối thiểu 4 ký tự, nên từ 8 ký tự.\n! Nếu quên mật khẩu chính, không thể khôi phục nội dung đã lưu.\n## Sau khi đổi\n• Toàn bộ nội dung đã lưu được mã hóa lại bằng mật khẩu chính mới.\n• Bản sao cài đặt cũ (.bak) nếu có vẫn mở bằng mật khẩu cũ. Sẽ hỏi có xóa không.
# 프로그램·폴더 바로 실행 (0.3.3)
launch.fileTooLarge	실행 목록 파일이 너무 커서 읽지 않았습니다. 파일은 그대로 두고 프로그램·폴더 바로 실행을 쓰지 않습니다.	The launch list file is too large and was not read. The file is left as it is and program/folder launching is off.	启动列表文件过大，未读取。文件保持原样，程序/文件夹启动不可用。	起動リストのファイルが大きすぎるため読み込みませんでした。ファイルはそのままにし、プログラム・フォルダーの起動は使いません。	Tệp danh sách khởi chạy quá lớn nên không được đọc. Tệp được giữ nguyên và tính năng mở chương trình/thư mục bị tắt.
launch.fileUnreadable	실행 목록 파일을 읽지 못했습니다. 파일은 그대로 두고 프로그램·폴더 바로 실행을 쓰지 않습니다.	The launch list file could not be read. The file is left as it is and program/folder launching is off.	无法读取启动列表文件。文件保持原样，程序/文件夹启动不可用。	起動リストのファイルを読み込めませんでした。ファイルはそのままにし、プログラム・フォルダーの起動は使いません。	Không đọc được tệp danh sách khởi chạy. Tệp được giữ nguyên và tính năng mở chương trình/thư mục bị tắt.
launch.fileUnknown	실행 목록 파일이 이 판이 모르는 형식입니다(더 새 판에서 만들었을 수 있습니다). 파일은 그대로 두고 쓰지 않습니다.	The launch list file has a format this version does not know (it may come from a newer version). The file is left as it is and not used.	启动列表文件的格式此版本无法识别（可能由更新版本创建）。文件保持原样，不使用。	起動リストのファイルはこの版が知らない形式です（新しい版で作られた可能性があります）。ファイルはそのままにし、使いません。	Tệp danh sách khởi chạy có định dạng phiên bản này không biết (có thể từ phiên bản mới hơn). Tệp được giữ nguyên và không dùng.
launch.itemDamaged	손상된 항목	damaged item	已损坏的项目	破損した項目	mục bị hỏng
launch.itemOverLimit	30개를 넘은 항목	item beyond the limit of 30	超过 30 个上限的项目	30 個を超えた項目	mục vượt quá giới hạn 30
launch.itemUnsupported	이 판에서 지원하지 않는 종류	kind not supported in this version	此版本不支持的类型	この版では対応していない種類	loại không được hỗ trợ trong phiên bản này
launch.networkExe	네트워크 위치의 프로그램은 지원하지 않습니다	programs on a network location are not supported	不支持网络位置上的程序	ネットワーク上のプログラムには対応していません	không hỗ trợ chương trình ở vị trí mạng
add.title	무엇을 추가할까요?	What do you want to add?	要添加什么？	何を追加しますか？	Bạn muốn thêm gì?
add.groupText	넣을 글	Text to type	要输入的文字	入力する文言	Văn bản để nhập
add.password	자주 사용하는 문구	Frequently used text	常用文字	よく使う文言	Văn bản hay dùng
add.passwordSub	한 칸에 넣을 내용 하나(비밀번호·문장)	One entry for one field (a password or a sentence)	填入一个输入框的一项内容（密码或句子）	1 つの欄に入れる内容（パスワード・文）	Một nội dung cho một ô (mật khẩu hoặc câu)
add.login	사이트·앱 로그인	Site / app login	网站·应用登录	サイト・アプリのログイン	Đăng nhập trang web / ứng dụng
add.loginSub	ID 와 PW 두 칸을 한 번에	ID and PW, two fields at once	一次填入 ID 和 PW 两个输入框	ID と PW の 2 つの欄を一度に	ID và PW, hai ô cùng lúc
add.multi	연속된 문구 입력	Text for several fields	连续输入多项内容	続けて入力する文言	Nhập nhiều ô liên tiếp
add.multiSub	여러 칸에 차례로(Tab) 넣을 내용	Entries typed into several fields in turn (Tab)	依次（Tab）填入多个输入框的内容	複数の欄に順に（Tab）入れる内容	Nội dung nhập lần lượt vào nhiều ô (Tab)
add.program	프로그램 바로가기	Program shortcut	程序快捷方式	プログラムのショートカット	Lối tắt chương trình
add.programSub	엑셀·계산기 같은 프로그램을 아이콘과 단축키로	Open programs such as Excel with an icon and a shortcut	用图标和快捷键打开 Excel 等程序	Excel などのプログラムをアイコンとショートカットで	Mở chương trình như Excel bằng biểu tượng và phím tắt
add.folder	폴더 바로가기	Folder shortcut	文件夹快捷方式	フォルダーのショートカット	Lối tắt thư mục
add.folderSub	자주 여는 폴더를 아이콘과 단축키로	Open folders you use often with an icon and a shortcut	用图标和快捷键打开常用文件夹	よく開くフォルダーをアイコンとショートカットで	Mở thư mục hay dùng bằng biểu tượng và phím tắt
add.full	프로그램·폴더는 30개까지입니다.	Programs and folders: up to 30.	程序和文件夹最多 30 个。	プログラム・フォルダーは 30 個までです。	Chương trình và thư mục: tối đa 30.
launch.pickProgram	프로그램 고르기	Choose a program	选择程序	プログラムを選ぶ	Chọn chương trình
launch.pickFolder	폴더 고르기	Choose a folder	选择文件夹	フォルダーを選ぶ	Chọn thư mục
launch.filterPrograms	프로그램 (*.exe, *.lnk)	Programs (*.exe, *.lnk)	程序 (*.exe, *.lnk)	プログラム (*.exe, *.lnk)	Chương trình (*.exe, *.lnk)
launch.name	이름	Name	名称	名前	Tên
launch.target	대상	Target	目标	対象	Đích
launch.args	실행 인자	Arguments	参数	引数	Tham số
launch.dir	작업 폴더	Start in	起始位置	作業フォルダー	Thư mục làm việc
launch.fromShortcut	바로 가기에서 읽은 값입니다. 바꾸려면 바로 가기를 고친 뒤 다시 고르세요.	Read from the shortcut. To change them, edit the shortcut and choose it again.	从快捷方式读取。要更改，请先修改快捷方式再重新选择。	ショートカットから読んだ値です。変えるにはショートカットを直してから選び直してください。	Đọc từ lối tắt. Muốn đổi, hãy sửa lối tắt rồi chọn lại.
launch.repick	다시 고르기	Choose again	重新选择	選び直す	Chọn lại
launch.moveLeft	앞으로	Move left	前移	前へ	Sang trái
launch.moveRight	뒤로	Move right	后移	後ろへ	Sang phải
launch.delete	삭제	Delete	删除	削除	Xóa
launch.deleteConfirm	"{name}" 을(를) 목록에서 지울까요? 프로그램·폴더 자체는 지우지 않습니다.	Remove "{name}" from the list? The program or folder itself is not deleted.	要从列表中移除“{name}”吗？程序或文件夹本身不会被删除。	「{name}」を一覧から外しますか？プログラム・フォルダー自体は削除しません。	Xóa "{name}" khỏi danh sách? Bản thân chương trình hoặc thư mục không bị xóa.
launch.leaveConfirm	바꾼 내용을 저장하지 않고 나갈까요?	Leave without saving your changes?	不保存更改就离开吗？	変更を保存せずに戻りますか？	Thoát mà không lưu thay đổi?
launch.edit	편집	Edit	编辑	編集	Sửa
launch.editDone	완료	Done	完成	完了	Xong
launch.prev	앞 항목 보기	Show earlier items	显示前面的项目	前の項目	Xem mục trước
launch.next	뒤 항목 보기	Show later items	显示后面的项目	後ろの項目	Xem mục sau
pick.installed	설치된 프로그램	Installed programs	已安装的程序	インストール済みのプログラム	Chương trình đã cài
pick.taskbar	작업 표시줄	Taskbar	任务栏	タスク バー	Thanh tác vụ
pick.allApps	모든 앱	All apps	所有应用	すべてのアプリ	Tất cả ứng dụng
pick.browseTitle	파일에서 직접 고르기	Choose a file yourself	从文件中自行选择	ファイルから直接選ぶ	Tự chọn từ tệp
pick.browseSub	목록에 없는 프로그램(.exe·바로 가기)	A program that is not in the list (.exe or shortcut)	列表中没有的程序（.exe 或快捷方式）	一覧にないプログラム（.exe・ショートカット）	Chương trình không có trong danh sách (.exe hoặc lối tắt)
pick.storeGroup	Microsoft Store 앱	Microsoft Store app	Microsoft Store 应用	Microsoft Store アプリ	Ứng dụng Microsoft Store
launch.dropOne	한 번에 하나씩 추가합니다. 첫 번째 것만 넣었습니다.	Items are added one at a time. Only the first one was used.	一次添加一个。只使用了第一个。	一度に一つずつ追加します。最初の一つだけ使いました。	Mỗi lần chỉ thêm một mục. Chỉ dùng mục đầu tiên.
launch.dropPick	이 앱은 끌어 놓아 추가할 수 없습니다. [+ 추가] › [프로그램] 목록에서 고르세요.	This app can't be added by dropping it. Choose it from the list in [+ Add] › [Program].	无法通过拖放添加此应用。请在 [+ 添加] › [程序] 列表中选择。	このアプリはドロップで追加できません。[+ 追加] › [プログラム] の一覧から選んでください。	Không thể thêm ứng dụng này bằng cách kéo thả. Hãy chọn trong danh sách [+ Thêm] › [Chương trình].
launch.editHint	고칠 항목을 누르세요. 끌어서 놓으면 순서가 바뀝니다.	Click an item to edit it. Drag it to change the order.	点击要编辑的项目。拖动可调整顺序。	直す項目を押してください。ドラッグすると順序が変わります。	Bấm vào mục muốn sửa. Kéo thả để đổi thứ tự.
launch.rejectAdmin	관리자 권한을 요구하는 프로그램은 지원하지 않습니다(1Key 는 보통 권한으로만 실행합니다).	Programs that require administrator rights are not supported (1Key runs programs with normal rights only).	不支持需要管理员权限的程序（1Key 只以普通权限运行程序）。	管理者権限を求めるプログラムには対応していません（1Key は通常の権限でのみ起動します）。	Không hỗ trợ chương trình yêu cầu quyền quản trị (1Key chỉ chạy với quyền thường).
launch.rejectType	실행 파일(.exe)이나 프로그램·폴더를 가리키는 바로 가기(.lnk)만 추가할 수 있습니다.	Only programs (.exe) and shortcuts (.lnk) to a program or folder can be added.	只能添加程序 (.exe) 或指向程序/文件夹的快捷方式 (.lnk)。	追加できるのは実行ファイル（.exe）と、プログラム・フォルダーを指すショートカット（.lnk）だけです。	Chỉ thêm được chương trình (.exe) và lối tắt (.lnk) trỏ tới chương trình hoặc thư mục.
launch.rejectNetwork	네트워크 위치나 이동식 드라이브의 프로그램은 지원하지 않습니다.	Programs on a network location or removable drive are not supported.	不支持网络位置或可移动驱动器上的程序。	ネットワークやリムーバブル ドライブ上のプログラムには対応していません。	Không hỗ trợ chương trình trên mạng hoặc ổ đĩa di động.
launch.rejectRunAs	"관리자 권한으로 실행" 이 켜진 바로 가기는 지원하지 않습니다.	Shortcuts set to "Run as administrator" are not supported.	不支持设为“以管理员身份运行”的快捷方式。	「管理者として実行」が有効なショートカットには対応していません。	Không hỗ trợ lối tắt bật "Chạy với quyền quản trị".
launch.rejectUnknown	이 프로그램이 관리자 권한을 요구하는지 확인하지 못해 추가하지 않습니다.	Could not check whether this program requires administrator rights, so it was not added.	无法确认该程序是否需要管理员权限，因此未添加。	このプログラムが管理者権限を求めるか確認できなかったため、追加しません。	Không kiểm tra được chương trình có yêu cầu quyền quản trị hay không nên không thêm.
launch.resNotFound	"{name}" 을(를) 찾을 수 없습니다. [편집]에서 다시 고르세요.	Cannot find "{name}". Choose it again in [Edit].	找不到“{name}”。请在 [编辑] 中重新选择。	「{name}」が見つかりません。[編集] で選び直してください。	Không tìm thấy "{name}". Hãy chọn lại trong [Sửa].
launch.resUnsupported	"{name}" 은(는) 지금 실행할 수 없습니다(지원하지 않는 대상).	"{name}" cannot be opened (not a supported target).	“{name}”现在无法打开（不支持的目标）。	「{name}」は今は起動できません（対応していない対象）。	Không mở được "{name}" (đích không được hỗ trợ).
launch.resCannotVerify	"{name}" 이(가) 이미 열려 있는지 확인할 수 없어 새로 열지 않았습니다.	Could not check whether "{name}" is already open, so it was not opened again.	无法确认“{name}”是否已打开，因此没有再次打开。	「{name}」がもう開いているか確認できないため、新しく開きませんでした。	Không kiểm tra được "{name}" đã mở chưa nên không mở thêm.
launch.resShell	Windows 탐색기를 통해 보통 권한으로 열 수 없어 열지 않았습니다(1Key 가 관리자 권한으로 실행 중).	Could not open it with normal rights through Windows Explorer, so it was not opened (1Key is running as administrator).	无法通过 Windows 资源管理器以普通权限打开，因此未打开（1Key 正以管理员身份运行）。	エクスプローラー経由で通常の権限で開けないため、開きませんでした（1Key は管理者として実行中）。	Không mở được với quyền thường qua Windows Explorer nên không mở (1Key đang chạy với quyền quản trị).
launch.resPending	"{name}" 을(를) 여는 중입니다.	Opening "{name}"...	正在打开“{name}”…	「{name}」を開いています…	Đang mở "{name}"...
launch.resFocusRefused	"{name}" 창을 앞으로 가져오지 못했습니다(작업 표시줄에서 깜박입니다).	Could not bring the "{name}" window to the front (it flashes on the taskbar).	无法将“{name}”窗口置前（任务栏上闪烁）。	「{name}」のウィンドウを前に出せませんでした（タスク バーで点滅します）。	Không đưa được cửa sổ "{name}" lên trước (nhấp nháy trên thanh tác vụ).
launch.resFailed	"{name}" 을(를) 열지 못했습니다.	Could not open "{name}".	无法打开“{name}”。	「{name}」を開けませんでした。	Không mở được "{name}".
launch.hotkeyTaken	이 단축키는 "{name}" 이(가) 쓰고 있습니다.	This shortcut is used by "{name}".	此快捷键已被“{name}”使用。	このショートカットは「{name}」が使っています。	Phím tắt này đang được "{name}" dùng.
launch.nameEmpty	이름을 넣어 주세요.	Enter a name.	请输入名称。	名前を入れてください。	Hãy nhập tên.
launch.saveFail	실행 목록을 저장하지 못했습니다. 바꾼 내용은 화면에 그대로 있습니다.	Could not save the launch list. Your changes are still on the screen.	无法保存启动列表。更改仍保留在屏幕上。	起動リストを保存できませんでした。変更は画面にそのまま残っています。	Không lưu được danh sách khởi chạy. Thay đổi vẫn còn trên màn hình.
launch.unusable	{name} — 사용할 수 없음: {why}	{name} — not usable: {why}	{name} — 不可用：{why}	{name} — 使えません: {why}	{name} — không dùng được: {why}
launch.icon	아이콘	Icon	图标	アイコン	Biểu tượng
launch.iconChange	바꾸기	Change	更改	変更	Đổi
launch.iconReset	기본	Default	默认	既定	Mặc định
pick.title	설치된 프로그램	Installed programs	已安装的程序	インストール済みのプログラム	Chương trình đã cài
pick.browse	찾아보기…	Browse…	浏览…	参照…	Duyệt…
pick.search	프로그램 검색	Search programs	搜索程序	プログラムを検索	Tìm chương trình
pick.none	목록에서 찾지 못했습니다. [찾아보기…]로 직접 고르세요.	Not in the list. Use [Browse…] to choose it yourself.	列表中没有。请用 [浏览…] 自行选择。	一覧にありません。[参照…] で直接選んでください。	Không có trong danh sách. Dùng [Duyệt…] để tự chọn.
pick.more	{n}개 중 앞의 80개만 보입니다. 검색해서 좁히세요.	Showing the first 80 of {n}. Search to narrow it down.	共 {n} 个，只显示前 80 个。请搜索缩小范围。	{n} 件のうち最初の 80 件だけ表示しています。検索で絞り込んでください。	Chỉ hiện 80 mục đầu trong {n}. Hãy tìm để thu hẹp.
set.launchSection	바로 실행	Quick launch	快速启动	クイック起動	Mở nhanh
set.launchProgNames	프로그램 이름 표시	Show program names	显示程序名称	プログラム名を表示	Hiện tên chương trình
set.launchFolderNames	폴더 이름 표시	Show folder names	显示文件夹名称	フォルダー名を表示	Hiện tên thư mục
launch.fileDamaged	실행 목록 파일에 손상된 부분이 있어 프로그램·폴더 바로 실행을 멈췄습니다. 파일은 그대로 두었습니다(비밀번호 목록은 영향 없음).	Part of the launch list file is damaged, so quick launch is stopped. The file was left as it is (your password list is not affected).	启动列表文件有损坏的部分，已停止程序·文件夹快速启动。文件保持原样（密码列表不受影响）。	起動リスト ファイルに破損した部分があるため、プログラム・フォルダーのクイック起動を止めました。ファイルはそのままです（パスワード一覧には影響ありません）。	Một phần tệp danh sách khởi chạy bị hỏng nên đã dừng mở nhanh chương trình·thư mục. Tệp được giữ nguyên (danh sách mật khẩu không bị ảnh hưởng).
launch.reset	목록 새로 시작	Start a new list	重新开始列表	一覧を新しく始める	Bắt đầu danh sách mới
launch.resetConfirm	지금 실행 목록 파일을 launch.dat.bad 로 옮겨 보관하고, 프로그램·폴더 목록을 비워서 새로 시작할까요?\n비밀번호 목록은 바뀌지 않습니다.	Move the current launch list file aside as launch.dat.bad and start a new, empty program/folder list?\nYour password list does not change.	要把当前启动列表文件另存为 launch.dat.bad，并清空程序·文件夹列表重新开始吗？\n密码列表不会改变。	今の起動リスト ファイルを launch.dat.bad として保管し、プログラム・フォルダー一覧を空にして新しく始めますか？\nパスワード一覧は変わりません。	Chuyển tệp danh sách khởi chạy hiện tại thành launch.dat.bad và bắt đầu lại với danh sách chương trình·thư mục trống?\nDanh sách mật khẩu không thay đổi.
launch.resetFail	파일을 옮기지 못해 새로 시작하지 않았습니다. 지금 상태를 그대로 둡니다.	Could not move the file, so nothing was reset. Everything stays as it is.	无法移动文件，未重新开始。保持现状。	ファイルを移動できなかったため、新しく始めませんでした。今の状態のままです。	Không chuyển được tệp nên chưa bắt đầu lại. Giữ nguyên hiện trạng.
launch.resetDone	빈 목록으로 새로 시작했습니다. 이전 파일은 launch.dat.bad 로 보관했습니다.	Started a new, empty list. The old file was kept as launch.dat.bad.	已用空列表重新开始。旧文件已保存为 launch.dat.bad。	空の一覧で新しく始めました。前のファイルは launch.dat.bad として保管しました。	Đã bắt đầu danh sách trống mới. Tệp cũ được giữ là launch.dat.bad.
launch.resBusy	앞서 누른 실행 요청을 아직 처리하는 중입니다.	Still handling the previous launch request.	仍在处理上一个启动请求。	前の起動要求をまだ処理しています。	Vẫn đang xử lý yêu cầu mở trước đó.
launch.resRights	1Key 의 권한을 확인하지 못해 열지 않았습니다.	Could not check 1Key's rights, so it was not opened.	无法确认 1Key 的权限，未打开。	1Key の権限を確認できなかったため、開きませんでした。	Không kiểm tra được quyền của 1Key nên chưa mở.
add.web	웹사이트 북마크	Website bookmark	网站书签	ウェブサイトのブックマーク	Dấu trang web
add.webSub	자주 여는 사이트를 아이콘과 단축키로	Open sites you use often with an icon and a shortcut	用图标和快捷键打开常用网站	よく開くサイトをアイコンとショートカットで	Mở trang web hay dùng bằng biểu tượng và phím tắt
launch.url	주소	Address	地址	アドレス	Địa chỉ
launch.browser	브라우저	Browser	浏览器	ブラウザー	Trình duyệt
launch.browserDefault	기본	Default	默认	既定	Mặc định
launch.color	아이콘 바탕색	Icon color	图标底色	アイコンの背景色	Màu biểu tượng
launch.colorTip	이름 첫 글자 아이콘의 바탕색입니다. 이미지로 바꾼 아이콘에는 쓰이지 않습니다.	Background color of the first-letter icon. Not used when the icon is an image.	名称首字图标的底色。图标换成图片时不使用。	名前の頭文字アイコンの背景色です。画像に変えたアイコンには使われません。	Màu nền của biểu tượng chữ cái đầu. Không dùng khi biểu tượng là ảnh.
launch.colorDefault	기본	Default	默认	既定	Mặc định
launch.colorBlue	파랑	Blue	蓝色	青	Xanh dương
launch.colorGreen	초록	Green	绿色	緑	Xanh lá
launch.colorOrange	주황	Orange	橙色	オレンジ	Cam
launch.colorRed	빨강	Red	红色	赤	Đỏ
launch.colorPurple	보라	Purple	紫色	紫	Tím
launch.colorGray	회색	Gray	灰色	グレー	Xám
launch.cueUrl	예: https://www.example.com	e.g. https://www.example.com	例如：https://www.example.com	例: https://www.example.com	VD: https://www.example.com
launch.webBadUrl	http:// 또는 https:// 로 시작하는 웹 주소를 넣어 주세요.\n공백·따옴표는 쓸 수 없고, 아이디·비밀번호가 들어간 주소(user:pass@)는 저장하지 않습니다.	Enter a web address starting with http:// or https://.\nSpaces and quotes are not allowed, and addresses containing a user name and password (user:pass@) are not saved.	请输入以 http:// 或 https:// 开头的网址。\n不能包含空格和引号，也不保存含有用户名和密码（user:pass@）的地址。	http:// または https:// で始まるウェブ アドレスを入力してください。\n空白や引用符は使えません。ユーザー名とパスワードを含むアドレス（user:pass@）は保存しません。	Hãy nhập địa chỉ web bắt đầu bằng http:// hoặc https://.\nKhông dùng được dấu cách và dấu ngoặc kép; địa chỉ có tên người dùng và mật khẩu (user:pass@) sẽ không được lưu.
launch.webIconTip	아이콘은 [바꾸기]로 PNG·ICO 이미지로 바꿀 수 있고, [기본]을 누르면 원래 아이콘으로 돌아갑니다.	[Change] sets a PNG or ICO image as the icon; [Default] returns to the original icon.	用 [更改] 可将图标换成 PNG·ICO 图片，按 [默认] 恢复原来的图标。	[変更] でアイコンを PNG・ICO 画像にでき、[既定] で元のアイコンに戻ります。	[Đổi] để dùng ảnh PNG hoặc ICO làm biểu tượng; [Mặc định] để trở về biểu tượng ban đầu.
launch.webImageBad	PNG 또는 ICO 이미지(가로·세로 512 이하, 1MB 이하)만 쓸 수 있습니다.	Only PNG or ICO images (up to 512 x 512, up to 1 MB) can be used.	只能使用 PNG 或 ICO 图片（宽高不超过 512，不超过 1 MB）。	PNG または ICO 画像（縦横 512 以下、1 MB 以下）のみ使えます。	Chỉ dùng được ảnh PNG hoặc ICO (tối đa 512 x 512, tối đa 1 MB).
launch.webPickImage	아이콘 이미지 고르기	Choose an icon image	选择图标图片	アイコン画像を選ぶ	Chọn ảnh biểu tượng
launch.webFilterImages	이미지 (*.png, *.ico)	Images (*.png, *.ico)	图片 (*.png, *.ico)	画像 (*.png, *.ico)	Ảnh (*.png, *.ico)
launch.webIconSaveFail	아이콘 이미지를 저장하지 못했습니다. 항목은 저장했습니다.	Could not save the icon image. The item was saved.	无法保存图标图片。项目已保存。	アイコン画像を保存できませんでした。項目は保存しました。	Không lưu được ảnh biểu tượng. Mục đã được lưu.
launch.resBrowserMissing	"{name}": 고른 브라우저를 찾을 수 없어 열지 않았습니다. 이 항목의 브라우저를 바꾸세요.	"{name}": the chosen browser was not found, so it was not opened. Change the browser of this item.	“{name}”：找不到所选浏览器，未打开。请更改此项目的浏览器。	「{name}」: 選んだブラウザーが見つからないため開きませんでした。この項目のブラウザーを変更してください。	"{name}": không tìm thấy trình duyệt đã chọn nên không mở. Hãy đổi trình duyệt của mục này.
launch.confirmRetry	"{name}" 실행을 요청했지만 창을 찾지 못했습니다(창 없이 도는 프로그램일 수도 있습니다).\n새로 실행하면 두 번 열릴 수 있습니다. 다시 실행할까요?	Opening "{name}" was requested, but its window was not found (it may run without a window).\nOpening it again may start it twice. Open it again?	已请求打开“{name}”，但找不到其窗口（可能是无窗口运行的程序）。\n再次打开可能会运行两次。要再次打开吗？	「{name}」の起動を要求しましたが、ウィンドウが見つかりません（ウィンドウなしで動くプログラムかもしれません）。\nもう一度起動すると二重に開くことがあります。もう一度起動しますか？	Đã yêu cầu mở "{name}" nhưng không tìm thấy cửa sổ (có thể là chương trình chạy không có cửa sổ).\nMở lại có thể chạy hai lần. Mở lại?
pick.loading	설치된 프로그램을 읽는 중입니다… [찾아보기…]는 지금 쓸 수 있습니다.	Reading installed programs… [Browse…] can be used now.	正在读取已安装的程序… 现在可以使用 [浏览…]。	インストール済みのプログラムを読み込んでいます… [参照…] は今使えます。	Đang đọc chương trình đã cài… Có thể dùng [Duyệt…] ngay.
pick.partial	일부 위치를 읽지 못했거나 너무 많아 목록이 다 보이지 않을 수 있습니다. [찾아보기…]로 직접 고를 수 있습니다.	Some locations could not be read or there were too many, so the list may be incomplete. You can choose with [Browse…].	部分位置无法读取或数量过多，列表可能不完整。可以用 [浏览…] 直接选择。	一部の場所を読めなかったか多すぎるため、一覧がすべて表示されていない可能性があります。[参照…] で直接選べます。	Không đọc được một số vị trí hoặc quá nhiều, danh sách có thể chưa đủ. Có thể chọn bằng [Duyệt…].
a11y.toggle	켜기/끄기	Turn on/off	打开/关闭	オン/オフ	Bật/tắt
weak.why	설정 파일이 다른 곳으로 복사되면 1Key 잠금 화면 없이 비밀번호 후보를 하나씩 대입해 볼 수 있어, 잠금 화면의 시도 제한은 소용이 없습니다.	If the settings file is copied elsewhere, password guesses can be tried one by one without 1Key's lock screen, so its attempt limit does not help.	如果设置文件被复制到别处，就可以绕过 1Key 的锁定界面逐个尝试密码，锁定界面的尝试次数限制将不起作用。	設定ファイルが別の場所にコピーされると、1Key のロック画面を通さずにパスワード候補を一つずつ試せるため、ロック画面の試行制限は役に立ちません。	Nếu tệp cài đặt bị sao chép ra nơi khác, có thể thử từng mật khẩu mà không qua màn hình khóa của 1Key, nên giới hạn số lần thử của màn hình khóa không có tác dụng.
master.bakAsk	설정 폴더에 예전 설정 사본(.bak)이 {n}개 있습니다. 이 사본은 새 비밀번호가 아니라 만들어질 때의 예전 비밀번호로 열립니다.\n더 필요 없으면 지우는 것이 안전합니다. 담당자가 복구를 위해 보관하라고 했다면 [아니요]를 누르세요.\n\n지금 지울까요? (지운 사본은 1Key 로 되살릴 수 없습니다.)	The settings folder has {n} old settings copies (.bak). They open with the old password they were made with, not the new one.\nIf you no longer need them, deleting them is safer. If your administrator asked you to keep them for recovery, choose [No].\n\nDelete them now? (1Key cannot bring deleted copies back.)	设置文件夹中有 {n} 个旧设置副本（.bak）。这些副本仍用创建时的旧密码打开，而不是新密码。\n如果不再需要，删除更安全。如果管理员要求保留以便恢复，请选择 [否]。\n\n现在删除吗？（1Key 无法恢复已删除的副本。）	設定フォルダーに古い設定のコピー（.bak）が {n} 個あります。これらは新しいパスワードではなく、作成時の古いパスワードで開きます。\n不要なら削除するほうが安全です。管理者から復旧のために保管するよう言われている場合は [いいえ] を選んでください。\n\n今すぐ削除しますか?（削除したコピーは 1Key では元に戻せません。）	Thư mục cài đặt có {n} bản sao cài đặt cũ (.bak). Các bản sao này mở bằng mật khẩu cũ lúc tạo, không phải mật khẩu mới.\nNếu không cần nữa thì xóa sẽ an toàn hơn. Nếu người quản lý yêu cầu giữ lại để khôi phục, hãy chọn [Không].\n\nXóa ngay bây giờ? (1Key không thể khôi phục các bản sao đã xóa.)
master.bakDeleted	예전 설정 사본 {n}개를 지웠습니다.	Deleted {n} old settings copies.	已删除 {n} 个旧设置副本。	古い設定のコピーを {n} 個削除しました。	Đã xóa {n} bản sao cài đặt cũ.
master.bakPartial	예전 설정 사본 {ok}개를 지웠지만 {fail}개는 지우지 못했습니다. 설정 폴더에서 직접 지워 주세요.\n{dir}	Deleted {ok} old settings copies, but {fail} could not be deleted. Please delete them yourself in the settings folder.\n{dir}	已删除 {ok} 个旧设置副本，但有 {fail} 个无法删除。请在设置文件夹中手动删除。\n{dir}	古い設定のコピーを {ok} 個削除しましたが、{fail} 個は削除できませんでした。設定フォルダーで直接削除してください。\n{dir}	Đã xóa {ok} bản sao cài đặt cũ nhưng {fail} bản không xóa được. Hãy tự xóa trong thư mục cài đặt.\n{dir}
corrupt.kdf	암호화 방식 정보(kdf)가 저장 형식과 맞지 않습니다.	The encryption method entries (kdf) do not match the file format.	加密方式信息（kdf）与文件格式不符。	暗号化方式の情報（kdf）が保存形式と一致しません。	Thông tin phương thức mã hóa (kdf) không khớp với định dạng tệp.
balloon.kdfUpgraded	설정 파일을 더 강한 암호화(Argon2id)로 바꿔 저장했습니다. 이제 예전 판 1Key 로는 이 설정을 열 수 없습니다.	The settings file was re-saved with stronger encryption (Argon2id). Older versions of 1Key can no longer open it.	设置文件已改用更强的加密（Argon2id）保存。旧版 1Key 将无法再打开此设置。	設定ファイルをより強い暗号化（Argon2id）で保存し直しました。以前の版の 1Key ではこの設定を開けなくなりました。	Tệp cài đặt đã được lưu lại bằng mã hóa mạnh hơn (Argon2id). Các phiên bản 1Key cũ sẽ không mở được cài đặt này nữa.
acl.notApplied	설정 폴더 권한을 본인 전용으로 좁히지 못했습니다({reason}). 1Key 는 그대로 쓸 수 있습니다. 자세한 것은 사용 안내의 "보안"을 보세요.	Could not restrict the settings folder to your account ({reason}). 1Key still works. See "Security" in the user guide.	未能将设置文件夹的权限限制为仅本人（{reason}）。1Key 仍可正常使用。详情请参阅使用说明中的“安全”。	設定フォルダーの権限を本人のみに絞れませんでした（{reason}）。1Key はそのまま使えます。詳しくは使い方の「セキュリティ」をご覧ください。	Không giới hạn được quyền thư mục cài đặt chỉ cho tài khoản của bạn ({reason}). 1Key vẫn dùng được. Xem phần "Bảo mật" trong hướng dẫn.
lock.kdfFailed	암호화 키를 계산하지 못했습니다(메모리 부족 등). 잠금과 설정 파일은 그대로입니다. 다른 프로그램을 닫고 다시 시도하세요.	Could not compute the encryption key (low memory or similar). The lock and the settings file are unchanged. Close other programs and try again.	无法计算加密密钥（内存不足等）。锁定状态和设置文件均未更改。请关闭其他程序后重试。	暗号化キーを計算できませんでした（メモリ不足など）。ロックと設定ファイルはそのままです。ほかのプログラムを閉じてもう一度試してください。	Không tính được khóa mã hóa (thiếu bộ nhớ…). Trạng thái khóa và tệp cài đặt không thay đổi. Hãy đóng các chương trình khác rồi thử lại.
save.protect	설정 폴더를 본인 전용 권한으로 만들지 못해 저장하지 않았습니다. 폴더 위치(연결 폴더·네트워크)와 권한을 확인해 주세요.	Not saved: could not create the settings folder with rights for your account only. Check the folder location (linked folder, network) and its permissions.	未保存：无法以仅限本人的权限创建设置文件夹。请检查文件夹位置（链接文件夹、网络）及其权限。	保存していません：本人のみの権限で設定フォルダーを作成できませんでした。フォルダーの場所（リンク フォルダー・ネットワーク）と権限を確認してください。	Chưa lưu: không tạo được thư mục cài đặt với quyền chỉ cho tài khoản của bạn. Hãy kiểm tra vị trí thư mục (thư mục liên kết, mạng) và quyền của nó.
set.backupMake	백업 파일 만들기	Create a backup file	创建备份文件	バックアップ ファイルを作成	Tạo tệp sao lưu
set.backupRestore	백업에서 복원	Restore from a backup	从备份恢复	バックアップから復元	Khôi phục từ bản sao lưu
backup.makeButton	만들기	Create	创建	作成	Tạo
backup.pwMismatch	백업 비밀번호 두 칸이 다릅니다.	The two backup password fields do not match.	两次输入的备份密码不一致。	バックアップ パスワードの 2 つの欄が一致しません。	Hai ô mật khẩu sao lưu không khớp.
backup.weakWarn	백업 파일은 Windows 보호 없이 이 비밀번호로만 잠기므로, 파일이 다른 사람 손에 가면 이런 비밀번호는 쉽게 풀립니다.	The backup file is protected only by this password (no Windows protection), so if the file reaches someone else, a password like this is easily broken.	备份文件仅由此密码保护（没有 Windows 保护），文件一旦落入他人之手，这样的密码很容易被破解。	バックアップ ファイルは Windows の保護なしにこのパスワードだけで保護されるため、ファイルが他人の手に渡るとこのようなパスワードは簡単に破られます。	Tệp sao lưu chỉ được bảo vệ bằng mật khẩu này (không có bảo vệ Windows), nên nếu tệp rơi vào tay người khác, mật khẩu như vậy rất dễ bị phá.
backup.useAnyway	그래도 이 백업 비밀번호를 쓸까요?	Use this backup password anyway?	仍要使用此备份密码吗？	それでもこのバックアップ パスワードを使いますか?	Vẫn dùng mật khẩu sao lưu này?
backup.launchUnreadable	프로그램·폴더 목록을 읽을 수 없어(손상·새 형식) 백업에 넣지 못합니다. 목록 없이 백업 파일을 만들까요?	The program/folder list cannot be read (damaged or a newer format), so it cannot go into the backup. Create the backup file without the list?	无法读取程序/文件夹列表（已损坏或为新格式），因此无法放入备份。要不包含该列表创建备份文件吗？	プログラム・フォルダー一覧を読み込めない（破損または新しい形式）ため、バックアップに入れられません。一覧なしでバックアップ ファイルを作成しますか?	Không đọc được danh sách chương trình/thư mục (hỏng hoặc định dạng mới) nên không thể đưa vào bản sao lưu. Tạo tệp sao lưu không kèm danh sách?
backup.pickSave	백업 파일 저장	Save backup file	保存备份文件	バックアップ ファイルの保存	Lưu tệp sao lưu
backup.pickOpen	백업 파일 열기	Open backup file	打开备份文件	バックアップ ファイルを開く	Mở tệp sao lưu
backup.filter	1Key 백업 파일	1Key backup file	1Key 备份文件	1Key バックアップ ファイル	Tệp sao lưu 1Key
backup.made	백업 파일을 만들었습니다.\n{path}	Backup file created.\n{path}	已创建备份文件。\n{path}	バックアップ ファイルを作成しました。\n{path}	Đã tạo tệp sao lưu.\n{path}
backup.failed	백업 파일을 만들지 못했습니다. {reason}	Could not create the backup file. {reason}	未能创建备份文件。{reason}	バックアップ ファイルを作成できませんでした。{reason}	Không tạo được tệp sao lưu. {reason}
restore.fileHeader	백업 파일	Backup file	备份文件	バックアップ ファイル	Tệp sao lưu
restore.noFile	(선택된 파일 없음)	(no file chosen)	（未选择文件）	（ファイル未選択）	(chưa chọn tệp)
restore.browse	찾아보기…	Browse…	浏览…	参照…	Duyệt…
restore.button	복원	Restore	恢复	復元	Khôi phục
restore.chooseFile	복원할 백업 파일을 고르세요.	Choose the backup file to restore.	请选择要恢复的备份文件。	復元するバックアップ ファイルを選んでください。	Hãy chọn tệp sao lưu cần khôi phục.
restore.confirm	지금 설정과 프로그램·폴더 목록을 이 백업 내용으로 바꿉니다. 계속할까요?	The current settings and program/folder list will be replaced with this backup. Continue?	当前设置和程序/文件夹列表将替换为此备份内容。要继续吗？	現在の設定とプログラム・フォルダー一覧をこのバックアップの内容に置き換えます。続けますか?	Cài đặt và danh sách chương trình/thư mục hiện tại sẽ được thay bằng bản sao lưu này. Tiếp tục?
restore.preBackup	복원하면 지금 설정과 프로그램·폴더 목록이\n백업 내용으로 바뀝니다.\n지금 설정도 백업 파일로 먼저 남길까요?\n\n[예] 먼저 백업 파일 만들기    [아니요] 바로 복원 화면으로	Restoring replaces the current settings and program/folder list with the backup.\nSave the current settings as a backup file first?\n\n[Yes] create a backup file first    [No] go straight to restore	恢复后，当前设置和程序/文件夹列表将替换为备份内容。\n要先把当前设置也保存为备份文件吗？\n\n[是] 先创建备份文件    [否] 直接进入恢复	復元すると、現在の設定とプログラム・フォルダー一覧が\nバックアップの内容に置き換わります。\n現在の設定も先にバックアップ ファイルとして残しますか?\n\n[はい] 先にバックアップ ファイルを作成    [いいえ] そのまま復元へ	Khôi phục sẽ thay cài đặt và danh sách chương trình/thư mục hiện tại bằng bản sao lưu.\nLưu cài đặt hiện tại thành tệp sao lưu trước?\n\n[Có] tạo tệp sao lưu trước    [Không] chuyển thẳng tới khôi phục
restore.done	복원했습니다. 새 마스터 비밀번호로 잠금을 푸세요.	Restored. Unlock with the new master password.	已恢复。请用新的主密码解锁。	復元しました。新しいマスター パスワードでロックを解除してください。	Đã khôi phục. Hãy mở khóa bằng mật khẩu chính mới.
restore.doneKeep	복원했습니다. 지금 쓰는 마스터 비밀번호로 잠금을 푸세요.	Restored. Unlock with your current master password.	已恢复。请使用当前主密码解锁。	復元しました。今のマスター パスワードでロックを解除してください。	Đã khôi phục. Hãy mở khóa bằng mật khẩu chính hiện tại.
restore.failed	복원하지 못했습니다. 지금 설정은 그대로입니다. {reason}	Could not restore. The current settings are unchanged. {reason}	未能恢复。当前设置保持不变。{reason}	復元できませんでした。現在の設定はそのままです。{reason}	Không khôi phục được. Cài đặt hiện tại không đổi. {reason}
restore.launchDamaged	백업 안의 프로그램·폴더 목록이 손상됐습니다. 목록 없이 복원할까요? (지금 목록은 그대로 둡니다)	The program/folder list inside the backup is damaged. Restore without the list? (The current list is kept.)	备份中的程序/文件夹列表已损坏。要不包含该列表进行恢复吗？（保留当前列表）	バックアップ内のプログラム・フォルダー一覧が破損しています。一覧なしで復元しますか?（現在の一覧はそのまま）	Danh sách chương trình/thư mục trong bản sao lưu bị hỏng. Khôi phục không kèm danh sách? (Giữ danh sách hiện tại.)
restore.errTooLarge	파일이 너무 큽니다(백업 파일이 아니거나 손상).	The file is too large (not a backup file, or damaged).	文件过大（不是备份文件或已损坏）。	ファイルが大きすぎます（バックアップ ファイルではないか破損）。	Tệp quá lớn (không phải tệp sao lưu hoặc bị hỏng).
restore.errNotBackup	1Key 백업 파일이 아닙니다.	This is not a 1Key backup file.	这不是 1Key 备份文件。	1Key のバックアップ ファイルではありません。	Đây không phải tệp sao lưu 1Key.
restore.errNewer	더 새 1Key 가 만든 백업입니다. 1Key 를 새 판으로 바꾼 뒤 복원하세요.	This backup was made by a newer 1Key. Update 1Key, then restore.	此备份由更新版本的 1Key 创建。请先更新 1Key 再恢复。	より新しい 1Key で作成されたバックアップです。1Key を新しい版にしてから復元してください。	Bản sao lưu này do 1Key mới hơn tạo. Hãy cập nhật 1Key rồi khôi phục.
restore.errProfile	이 1Key 가 모르는 암호화 설정의 백업입니다.	This backup uses encryption settings this 1Key does not know.	此备份使用了本 1Key 不认识的加密设置。	この 1Key が知らない暗号化設定のバックアップです。	Bản sao lưu dùng thiết lập mã hóa mà 1Key này không biết.
restore.errDamaged	백업 파일이 손상됐습니다.	The backup file is damaged.	备份文件已损坏。	バックアップ ファイルが破損しています。	Tệp sao lưu bị hỏng.
restore.errPassword	백업 비밀번호가 틀렸거나 파일이 손상됐습니다.	Wrong backup password, or the file is damaged.	备份密码错误或文件已损坏。	バックアップ パスワードが違うか、ファイルが破損しています。	Sai mật khẩu sao lưu hoặc tệp bị hỏng.
tray.restore	백업에서 복원…	Restore from a backup…	从备份恢复…	バックアップから復元…	Khôi phục từ bản sao lưu…
help.backupTitle	도움말 · 백업과 복원	Help · Backup and restore	帮助 · 备份与恢复	ヘルプ · バックアップと復元	Trợ giúp · Sao lưu và khôi phục
help.backup	## 백업 파일 만들기\n• 설정 › 백업 파일 [백업]. "마스터 비밀번호 입력"에 지금 마스터를 넣고, 백업 파일에만 쓸 비밀번호를 "백업 비밀번호 입력 / 확인"에 정합니다.\n• 비밀번호·연결·설정·프로그램 목록이 모두 들어가, 다른 PC 나 Windows 재설치 뒤에도 복원할 수 있습니다.\n! 백업 파일은 백업 비밀번호 하나로만 잠깁니다. 길고 다른 데서 쓰지 않는 비밀번호로 정하고, 메일·메신저·공유 폴더가 아니라 본인이 관리하는 곳(USB 등)에 두세요. 잊으면 복원할 수 없습니다.\n## 복원 — 쓰던 PC\n• 설정 › 백업 파일 [복원]. 먼저 지금 설정도 백업 파일로 남길지 묻습니다.\n• 백업 파일과 백업 비밀번호만 넣습니다. 마스터 비밀번호는 지금 쓰는 것을 그대로 씁니다.\n## 복원 — 새 PC·Windows 재설치\n• 처음 설정 화면에서 트레이 아이콘 메뉴 › 백업에서 복원.\n• 백업 비밀번호와, 이 PC 에서 쓸 새 마스터 비밀번호를 넣습니다(예전과 같아도 됩니다).\n## 복원한 뒤\n• 1Key 가 잠기고 설정을 다시 읽습니다. 마스터로 잠금을 푸세요.\n> 프로그램·폴더는 이 PC 에서 다시 확인하며, 없는 프로그램은 실행하지 않습니다.	## Making a backup file\n• Settings › Backup file [Back up]. Enter your current master in "Enter master password", and set a password just for the backup file in "Enter backup password / Confirm".\n• Passwords, links, settings and the program list all go in, so you can restore on another PC or after reinstalling Windows.\n! The backup file is locked only by the backup password. Choose a long one you don't use elsewhere, and keep the file somewhere you control (such as a USB drive), not in mail, chat or shared folders. If you forget it, the file can't be restored.\n## Restoring — the PC you use\n• Settings › Backup file [Restore]. You're first asked whether to keep the current settings as a backup file too.\n• Enter only the backup file and the backup password. Your current master password stays.\n## Restoring — new PC or reinstalled Windows\n• On the first setup screen: tray icon menu › Restore from a backup.\n• Enter the backup password and a new master password for this PC (it may be the same as before).\n## After restoring\n• 1Key locks and reads the settings again. Unlock with the master.\n> Programs and folders are checked again on this PC; missing programs are not started.	## 制作备份文件\n• 设置 › 备份文件 [备份]。在 "输入主密码" 中输入当前主密码，在 "输入备份密码 / 确认" 中设置仅用于备份文件的密码。\n• 密码、关联、设置和程序列表都会包含在内，在其他电脑或重装 Windows 后也能恢复。\n! 备份文件只由备份密码保护。请设置较长且不在别处使用的密码，并把文件放在自己管理的地方（如 U 盘），而不是邮件、聊天或共享文件夹。忘记则无法恢复。\n## 恢复 — 正在使用的电脑\n• 设置 › 备份文件 [恢复]。会先询问是否把当前设置也保存为备份文件。\n• 只需输入备份文件和备份密码。主密码保持当前使用的不变。\n## 恢复 — 新电脑·重装 Windows\n• 在初次设置界面：托盘图标菜单 › 从备份恢复。\n• 输入备份密码，以及这台电脑要用的新主密码（可以与以前相同）。\n## 恢复之后\n• 1Key 会锁定并重新读取设置。请用主密码解锁。\n> 程序和文件夹会在这台电脑上重新确认，不存在的程序不会运行。	## バックアップ ファイルの作成\n• 設定 › バックアップ ファイル [バックアップ]。「マスター パスワードを入力」に今のマスターを入れ、バックアップ ファイル専用のパスワードを「バックアップ パスワードを入力 / 確認」で決めます。\n• パスワード・連携・設定・プログラム一覧がすべて入り、別の PC や Windows の再インストール後でも復元できます。\n! バックアップ ファイルはバックアップ パスワードだけで守られます。長く、ほかで使っていないパスワードにし、メール・メッセンジャー・共有フォルダーではなく自分で管理する場所（USB など）に置いてください。忘れると復元できません。\n## 復元 — 使っている PC\n• 設定 › バックアップ ファイル [復元]。先に今の設定もバックアップ ファイルに残すか尋ねます。\n• バックアップ ファイルとバックアップ パスワードだけを入れます。マスター パスワードは今のものをそのまま使います。\n## 復元 — 新しい PC・Windows の再インストール\n• 初期設定の画面で、トレイ アイコンのメニュー › バックアップから復元。\n• バックアップ パスワードと、この PC で使う新しいマスター パスワードを入れます（以前と同じでもかまいません）。\n## 復元したあと\n• 1Key がロックされ、設定を読み直します。マスターでロックを解除してください。\n> プログラム・フォルダーはこの PC で確認し直し、ないプログラムは実行しません。	## Tạo tệp sao lưu\n• Cài đặt › Tệp sao lưu [Sao lưu]. Nhập mật khẩu chính hiện tại vào "Nhập mật khẩu chính", và đặt mật khẩu riêng cho tệp sao lưu ở "Nhập mật khẩu sao lưu / Xác nhận".\n• Mật khẩu, liên kết, cài đặt và danh sách chương trình đều có trong tệp, nên có thể khôi phục trên máy khác hoặc sau khi cài lại Windows.\n! Tệp sao lưu chỉ được khóa bằng mật khẩu sao lưu. Hãy đặt mật khẩu dài, không dùng ở nơi khác, và để tệp ở nơi bạn tự quản lý (như USB), không gửi qua thư, tin nhắn hay thư mục chia sẻ. Quên mật khẩu thì không khôi phục được.\n## Khôi phục — máy đang dùng\n• Cài đặt › Tệp sao lưu [Khôi phục]. Trước tiên sẽ hỏi có lưu cài đặt hiện tại thành tệp sao lưu không.\n• Chỉ cần tệp sao lưu và mật khẩu sao lưu. Mật khẩu chính giữ nguyên như hiện tại.\n## Khôi phục — máy mới · cài lại Windows\n• Ở màn hình thiết lập ban đầu: menu biểu tượng khay › Khôi phục từ bản sao lưu.\n• Nhập mật khẩu sao lưu và mật khẩu chính mới dùng trên máy này (có thể giống trước).\n## Sau khi khôi phục\n• 1Key khóa và đọc lại cài đặt. Hãy mở khóa bằng mật khẩu chính.\n> Chương trình và thư mục được kiểm tra lại trên máy này; chương trình không có sẽ không được chạy.
restore.pendingBlocked	백업 복원을 끝내지 못한 상태입니다. 설정이 섞이지 않도록 끝날 때까지 설정을 읽거나 저장하지 않습니다.\n설정 폴더의 파일을 다른 프로그램(백신·동기화 등)이 잡고 있으면 닫은 뒤 다시 시도하세요.\n{dir}\n\n[확인] 다시 시도    [취소] 1Key 끝내기(다음 실행 때 다시 시도)	A backup restore did not finish. Until it does, 1Key will not read or save settings, so they do not get mixed.\nIf another program (antivirus, sync, etc.) is holding files in the settings folder, close it and try again.\n{dir}\n\n[OK] try again    [Cancel] quit 1Key (it tries again next time)	备份恢复尚未完成。为避免设置混杂，在完成之前不会读取或保存设置。\n如果有其他程序（杀毒、同步等）占用设置文件夹中的文件，请关闭后重试。\n{dir}\n\n[确定] 重试    [取消] 退出 1Key（下次启动时重试）	バックアップの復元が完了していません。設定が混ざらないよう、完了するまで設定を読み込んだり保存したりしません。\nほかのプログラム（ウイルス対策・同期など）が設定フォルダーのファイルを使用している場合は閉じてから再試行してください。\n{dir}\n\n[OK] 再試行    [キャンセル] 1Key を終了（次回起動時に再試行）	Việc khôi phục bản sao lưu chưa xong. Cho đến khi xong, 1Key sẽ không đọc hay lưu cài đặt để tránh lẫn lộn.\nNếu chương trình khác (diệt virus, đồng bộ…) đang giữ tệp trong thư mục cài đặt, hãy đóng nó rồi thử lại.\n{dir}\n\n[OK] thử lại    [Hủy] thoát 1Key (lần chạy sau sẽ thử lại)
restore.noLaunch	이 백업에는 프로그램·폴더 목록이 없습니다(만들 때 목록을 읽지 못함).\n지금 목록을 그대로 둘까요?\n\n[예] 지금 목록 그대로    [아니요] 목록을 비움    [취소] 복원 그만두기	This backup has no program/folder list (the list could not be read when it was made).\nKeep the current list?\n\n[Yes] keep the current list    [No] empty the list    [Cancel] stop the restore	此备份不含程序/文件夹列表（创建时无法读取列表）。\n要保留当前列表吗？\n\n[是] 保留当前列表    [否] 清空列表    [取消] 停止恢复	このバックアップにはプログラム・フォルダー一覧がありません（作成時に一覧を読み込めませんでした）。\n現在の一覧をそのまま残しますか?\n\n[はい] 現在の一覧のまま    [いいえ] 一覧を空にする    [キャンセル] 復元をやめる	Bản sao lưu này không có danh sách chương trình/thư mục (không đọc được danh sách khi tạo).\nGiữ danh sách hiện tại?\n\n[Có] giữ danh sách hiện tại    [Không] làm trống danh sách    [Hủy] dừng khôi phục
support.title	후원하기	Support 1Key	支持 1Key	1Keyを応援	Ủng hộ 1Key
support.heading	1Key가 도움이 됐다면	If 1Key helps you	如果 1Key 对你有帮助	1Keyがお役に立っているなら	Nếu 1Key giúp ích cho bạn
support.body	1Key는 무료이고, 사용자를 추적하지 않아요. 커피 한 잔으로 응원해 주시면 계속 다듬는 힘이 돼요. 후원하지 않아도 모든 기능은 그대로예요.	1Key is free, with no ads and no tracking. A cup of coffee helps keep it improving. Every feature stays the same whether you support it or not.	1Key 免费，没有广告，也不追踪。请喝一杯咖啡，就是继续改进的动力。不支持也能照常使用全部功能。	1Keyは無料で、広告もトラッキングもありません。コーヒー1杯の応援が改善を続ける力になります。応援しなくても、すべての機能はそのまま使えます。	1Key miễn phí, không quảng cáo, không theo dõi. Một ly cà phê sẽ giúp 1Key tiếp tục được hoàn thiện. Dù bạn có ủng hộ hay không, mọi tính năng vẫn như cũ.
support.phone	휴대폰으로 후원	Support from your phone	用手机支持	スマートフォンで応援	Ủng hộ bằng điện thoại
support.phoneNote	휴대폰 카메라로 찍으면 송금 화면이 바로 열려요. 금액만 넣으면 끝.	Scan with your phone camera to open the payment screen, then just enter an amount.	用手机相机扫描即可打开转账页面，输入金额即可。	スマートフォンのカメラで読み取ると送金画面が開きます。金額を入れるだけです。	Quét bằng camera điện thoại để mở màn hình chuyển tiền, chỉ cần nhập số tiền.
support.kakao	카카오페이	KakaoPay	KakaoPay	カカオペイ	KakaoPay
support.kakaoNote	카카오페이로 열려요	Opens in KakaoPay	在 KakaoPay 中打开	カカオペイで開きます	Mở bằng KakaoPay
support.browser	브라우저에서 열기	Open in browser	在浏览器中打开	ブラウザで開く	Mở trong trình duyệt
support.browserNote	카카오페이 송금 페이지	KakaoPay payment page	KakaoPay 转账页面	カカオペイ送金ページ	Trang chuyển tiền KakaoPay
support.github	GitHub에서 별 주기	Star 1Key on GitHub	在 GitHub 上点星	GitHubでスターを付ける	Gắn sao cho 1Key trên GitHub
support.githubNote	돈 들지 않는 응원 — GitHub 계정으로 ★를 눌러 주세요	Free support — click ★ with your GitHub account	免费的支持 — 用 GitHub 账号点 ★	無料の応援 — GitHubアカウントで★を押してください	Ủng hộ miễn phí — bấm ★ bằng tài khoản GitHub
support.shop	필요한 걸 사실 때	When you shop	购物时	お買い物のときに	Khi bạn mua sắm
support.shopNote	아래 링크로 사시면 가격은 같고, 개발자에게 수수료가 지급돼요.	Buy through the links below: the price is the same and the developer is paid a commission.			
support.coupang	쿠팡	Coupang			
support.coupangNote	평소 쇼핑	Everyday shopping			
support.mrt	마이리얼트립	MyRealTrip			
support.mrtNote	항공·숙소·투어 예약	Flights, stays and tours			
support.btnMore	자세히	Details	详情	詳しく	Chi tiết
support.coupangBody	## 쿠팡에서 쇼핑하기\n평소처럼 쇼핑하시면 돼요. 가격은 같아요.\n> 이 포스팅은 쿠팡 파트너스 활동의 일환으로, 이에 따른 일정액의 수수료를 제공받습니다.\n• 가는 곳: link.coupang.com → 쿠팡 (기본 브라우저)\n• 1Key는 아무 정보도 모으지 않아요. 제휴 기록은 쿠팡이 브라우저에서 남겨요.	## Shop on Coupang\nShop as usual; the price is the same.\n> This is part of the Coupang Partners program, and the developer receives a fixed commission for it.\n• Goes to: link.coupang.com → Coupang (default browser)\n• 1Key collects nothing. Coupang records the referral in your browser.			
support.mrtBody	## 마이리얼트립에서 예약하기\n평소처럼 예약하시면 돼요. 가격은 같아요.\n> 마이리얼트립과 함께하는 마케팅 파트너십을 통해 여행자가 구매할 때마다 일정 비율의 수수료를 지급받습니다.\n• 가는 곳: myrealt.rip(마이리얼트립 단축 주소) → 마이리얼트립 (기본 브라우저)\n• 1Key는 아무 정보도 모으지 않아요. 제휴 기록은 마이리얼트립이 브라우저에서 남겨요.	## Book on MyRealTrip\nBook as usual; the price is the same.\n> Through a marketing partnership with MyRealTrip, the developer is paid a set percentage commission on every purchase.\n• Goes to: myrealt.rip (MyRealTrip short link) → MyRealTrip (default browser)\n• 1Key collects nothing. MyRealTrip records the referral in your browser.			
